Action,Site ID,Category ID,Custom Label,MPC,Title,Condition ID,Price,Quantity,Item Photo URL,Description,Brand,Duration,Format,ReturnsAcceptedOption,ReturnsWithinOption,ShippingCostPaidByOption,Location,PostalCode
Add,eBayMotors,33615,06K121605C TB923 95812160500,nan06K121605C,Continental Belt 06K121605C,1000,$30.00,1,https://i.imgur.com/9oITbPo.jpg,Continental Belt,Continental,GTC,FixedPrice,ReturnsAccepted,Days_30,Buyer,Columbia MO,65201
Add,eBayMotors,33615,10X785 99919234550 035903137C,nan10X785,Continental Belt 10X785,1000,$9.66,1,https://i.imgur.com/9oITbPo.jpg,Continental Belt,Continental,GTC,FixedPrice,ReturnsAccepted,Days_30,Buyer,Columbia MO,65201
Add,eBayMotors,33615,10X725 99919209750,nan10X725,Continental Belt 10X725,1000,$8.82,1,https://i.imgur.com/9oITbPo.jpg,Continental Belt,Continental,GTC,FixedPrice,ReturnsAccepted,Days_30,Buyer,Columbia MO,65201
Add,eBayMotors,33615,10X763 068145271C,nan10X763,Continental Belt 10X763,1000,$9.34,1,https://i.imgur.com/9oITbPo.jpg,Continental Belt,Continental,GTC,FixedPrice,ReturnsAccepted,Days_30,Buyer,Columbia MO,65201
Add,eBayMotors,33615,10X750 0069972492,nan10X750,Continental Belt 10X750,1000,$9.28,1,https://i.imgur.com/9oITbPo.jpg,Continental Belt,Continental,GTC,FixedPrice,ReturnsAccepted,Days_30,Buyer,Columbia MO,65201
Add,eBayMotors,33615,10X740 039131615,nan10X740,Continental Belt 10X740,1000,$9.56,1,https://i.imgur.com/9oITbPo.jpg,Continental Belt,Continental,GTC,FixedPrice,ReturnsAccepted,Days_30,Buyer,Columbia MO,65201
Add,eBayMotors,33615,10X735 068903137Q,nan10X735,Continental Belt 10X735,1000,$11.82,1,https://i.imgur.com/9oITbPo.jpg,Continental Belt,Continental,GTC,FixedPrice,ReturnsAccepted,Days_30,Buyer,Columbia MO,65201
Add,eBayMotors,33615,10X730 026145271 32421727180,nan10X730,Continental Belt 10X730,1000,$9.66,1,https://i.imgur.com/9oITbPo.jpg,Continental Belt,Continental,GTC,FixedPrice,ReturnsAccepted,Days_30,Buyer,Columbia MO,65201
Add,eBayMotors,33615,10X775 99919233850,nan10X775,Continental Belt 10X775,1000,$9.66,1,https://i.imgur.com/9oITbPo.jpg,Continental Belt,Continental,GTC,FixedPrice,ReturnsAccepted,Days_30,Buyer,Columbia MO,65201
Add,eBayMotors,33615,10X710 9991921765A,nan10X710,Continental Belt 10X710,1000,$8.92,1,https://i.imgur.com/9oITbPo.jpg,Continental Belt,Continental,GTC,FixedPrice,ReturnsAccepted,Days_30,Buyer,Columbia MO,65201
Add,eBayMotors,33615,10X700,nan10X700,Continental Belt 10X700,1000,$7.18,1,https://i.imgur.com/9oITbPo.jpg,Continental Belt,Continental,GTC,FixedPrice,ReturnsAccepted,Days_30,Buyer,Columbia MO,65201
Add,eBayMotors,33615,10X685 ERR2073,nan10X685,Continental Belt 10X685,1000,$7.02,1,https://i.imgur.com/9oITbPo.jpg,Continental Belt,Continental,GTC,FixedPrice,ReturnsAccepted,Days_30,Buyer,Columbia MO,65201
Add,eBayMotors,33615,10X675 ERR2073 052903137F,nan10X675,Continental Belt 10X675,1000,$8.70,1,https://i.imgur.com/9oITbPo.jpg,Continental Belt,Continental,GTC,FixedPrice,ReturnsAccepted,Days_30,Buyer,Columbia MO,65201
Add,eBayMotors,33615,10X635 027903137 10X660,nan10X635,Continental Belt 10X635,1000,$9.16,1,https://i.imgur.com/9oITbPo.jpg,Continental Belt,Continental,GTC,FixedPrice,ReturnsAccepted,Days_30,Buyer,Columbia MO,65201
Add,eBayMotors,33615,10X650,nan10X650,Continental Belt 10X650,1000,$7.26,1,https://i.imgur.com/9oITbPo.jpg,Continental Belt,Continental,GTC,FixedPrice,ReturnsAccepted,Days_30,Buyer,Columbia MO,65201
Add,eBayMotors,33615,10X643 068121039B,nan10X643,Continental Belt 10X643,1000,$9.44,1,https://i.imgur.com/9oITbPo.jpg,Continental Belt,Continental,GTC,FixedPrice,ReturnsAccepted,Days_30,Buyer,Columbia MO,65201
Add,eBayMotors,33615,10X635 027903137 10X660,nan10X635,Continental Belt 10X635,1000,$9.16,1,https://i.imgur.com/9oITbPo.jpg,Continental Belt,Continental,GTC,FixedPrice,ReturnsAccepted,Days_30,Buyer,Columbia MO,65201
Add,eBayMotors,33615,10X625,nan10X625,Continental Belt 10X625,1000,$7.30,1,https://i.imgur.com/9oITbPo.jpg,Continental Belt,Continental,GTC,FixedPrice,ReturnsAccepted,Days_30,Buyer,Columbia MO,65201
Add,eBayMotors,33615,10X610,nan10X610,Continental Belt 10X610,1000,$31.64,1,https://i.imgur.com/9oITbPo.jpg,Continental Belt,Continental,GTC,FixedPrice,ReturnsAccepted,Days_30,Buyer,Columbia MO,65201
Add,eBayMotors,33615,10X600 068903137AF,nan10X600,Continental Belt 10X600,1000,$8.12,1,https://i.imgur.com/9oITbPo.jpg,Continental Belt,Continental,GTC,FixedPrice,ReturnsAccepted,Days_30,Buyer,Columbia MO,65201
Add,eBayMotors,33615,13X670,nan13X670,Continental Belt 13X670,1000,$13.00,1,https://i.imgur.com/9oITbPo.jpg,Continental Belt,Continental,GTC,FixedPrice,ReturnsAccepted,Days_30,Buyer,Columbia MO,65201
Add,eBayMotors,33615,13X715 0039979892,nan13X715,Continental Belt 13X715,1000,$12.00,1,https://i.imgur.com/9oITbPo.jpg,Continental Belt,Continental,GTC,FixedPrice,ReturnsAccepted,Days_30,Buyer,Columbia MO,65201
Add,eBayMotors,33615,13X750 0069970992,nan13X750,Continental Belt 13X750,1000,$12.00,1,https://i.imgur.com/9oITbPo.jpg,Continental Belt,Continental,GTC,FixedPrice,ReturnsAccepted,Days_30,Buyer,Columbia MO,65201
Add,eBayMotors,33615,13X775,nan13X775,Continental Belt 13X775,1000,$15.00,1,https://i.imgur.com/9oITbPo.jpg,Continental Belt,Continental,GTC,FixedPrice,ReturnsAccepted,Days_30,Buyer,Columbia MO,65201
Add,eBayMotors,33615,13X800 64521711058,nan13X800,Continental Belt 13X800,1000,$12.00,1,https://i.imgur.com/9oITbPo.jpg,Continental Belt,Continental,GTC,FixedPrice,ReturnsAccepted,Days_30,Buyer,Columbia MO,65201
Add,eBayMotors,33615,13X810 64521706826,nan13X810,Continental Belt 13X810,1000,$12.00,1,https://i.imgur.com/9oITbPo.jpg,Continental Belt,Continental,GTC,FixedPrice,ReturnsAccepted,Days_30,Buyer,Columbia MO,65201
Add,eBayMotors,33615,13X818 0069976892,nan13X818,Continental Belt 13X818,1000,$13.50,1,https://i.imgur.com/9oITbPo.jpg,Continental Belt,Continental,GTC,FixedPrice,ReturnsAccepted,Days_30,Buyer,Columbia MO,65201
Add,eBayMotors,33615,13X850 0049979892 64521466031,nan13X850,Continental Belt 13X850,1000,$15.00,1,https://i.imgur.com/9oITbPo.jpg,Continental Belt,Continental,GTC,FixedPrice,ReturnsAccepted,Days_30,Buyer,Columbia MO,65201
Add,eBayMotors,33615,13X855 64521722373,nan13X855,Continental Belt 13X855,1000,$14.00,1,https://i.imgur.com/9oITbPo.jpg,Continental Belt,Continental,GTC,FixedPrice,ReturnsAccepted,Days_30,Buyer,Columbia MO,65201
Add,eBayMotors,33615,13X860,nan13X860,Continental Belt 13X860,1000,$14.00,1,https://i.imgur.com/9oITbPo.jpg,Continental Belt,Continental,GTC,FixedPrice,ReturnsAccepted,Days_30,Buyer,Columbia MO,65201
Add,eBayMotors,33615,13X875 0049973592 84013300249,nan13X875,Continental Belt 13X875,1000,$14.00,1,https://i.imgur.com/9oITbPo.jpg,Continental Belt,Continental,GTC,FixedPrice,ReturnsAccepted,Days_30,Buyer,Columbia MO,65201
Add,eBayMotors,33615,,,Continental Belt,1000,$12.00,1,https://i.imgur.com/9oITbPo.jpg,Continental Belt,Continental,GTC,FixedPrice,ReturnsAccepted,Days_30,Buyer,Columbia MO,65201
Add,eBayMotors,33615,10X1160 0069973592,nan10X1160,Continental Belt 10X1160,1000,$12.08,1,https://i.imgur.com/9oITbPo.jpg,Continental Belt,Continental,GTC,FixedPrice,ReturnsAccepted,Days_30,Buyer,Columbia MO,65201
Add,eBayMotors,33615,10X1150 055903137B,nan10X1150,Continental Belt 10X1150,1000,$13.94,1,https://i.imgur.com/9oITbPo.jpg,Continental Belt,Continental,GTC,FixedPrice,ReturnsAccepted,Days_30,Buyer,Columbia MO,65201
Add,eBayMotors,33615,10X1135,nan10X1135,Continental Belt 10X1135,1000,$13.18,1,https://i.imgur.com/9oITbPo.jpg,Continental Belt,Continental,GTC,FixedPrice,ReturnsAccepted,Days_30,Buyer,Columbia MO,65201
Add,eBayMotors,33615,10X1090 2430B 2430,nan10X1090,Continental Belt 10X1090,1000,$8.78,1,https://i.imgur.com/9oITbPo.jpg,Continental Belt,Continental,GTC,FixedPrice,ReturnsAccepted,Days_30,Buyer,Columbia MO,65201
Add,eBayMotors,33615,10X1060 2420B 2420,nan10X1060,Continental Belt 10X1060,1000,$7.72,1,https://i.imgur.com/9oITbPo.jpg,Continental Belt,Continental,GTC,FixedPrice,ReturnsAccepted,Days_30,Buyer,Columbia MO,65201
Add,eBayMotors,33615,9.5X1035 95X1035 2800053411 41013 T9217,nan9.5X1035,Continental Belt 9.5X1035,1000,$45.08,1,https://i.imgur.com/9oITbPo.jpg,Continental Belt,Continental,GTC,FixedPrice,ReturnsAccepted,Days_30,Buyer,Columbia MO,65201
Add,eBayMotors,33615,10X1030 10X1035 0049973992,nan10X1030,Continental Belt 10X1030,1000,$10.96,1,https://i.imgur.com/9oITbPo.jpg,Continental Belt,Continental,GTC,FixedPrice,ReturnsAccepted,Days_30,Buyer,Columbia MO,65201
Add,eBayMotors,33615,10X1030 10X1035 0049973992,nan10X1030,Continental Belt 10X1030,1000,$10.96,1,https://i.imgur.com/9oITbPo.jpg,Continental Belt,Continental,GTC,FixedPrice,ReturnsAccepted,Days_30,Buyer,Columbia MO,65201
Add,eBayMotors,33615,10X1025 11231721408 0059975692 99919202050 7310535,nan10X1025,Continental Belt 10X1025,1000,$18.43,1,https://i.imgur.com/9oITbPo.jpg,Continental Belt,Continental,GTC,FixedPrice,ReturnsAccepted,Days_30,Buyer,Columbia MO,65201
Add,eBayMotors,33615,10X1000 0049978592,nan10X1000,Continental Belt 10X1000,1000,$10.68,1,https://i.imgur.com/9oITbPo.jpg,Continental Belt,Continental,GTC,FixedPrice,ReturnsAccepted,Days_30,Buyer,Columbia MO,65201
Add,eBayMotors,33615,10X995,nan10X995,Continental Belt 10X995,1000,$9.00,1,https://i.imgur.com/9oITbPo.jpg,Continental Belt,Continental,GTC,FixedPrice,ReturnsAccepted,Days_30,Buyer,Columbia MO,65201
Add,eBayMotors,33615,10X940 049903137D,nan10X940,Continental Belt 10X940,1000,$12.02,1,https://i.imgur.com/9oITbPo.jpg,Continental Belt,Continental,GTC,FixedPrice,ReturnsAccepted,Days_30,Buyer,Columbia MO,65201
Add,eBayMotors,33615,10X980 0069973092,nan10X980,Continental Belt 10X980,1000,$10.74,1,https://i.imgur.com/9oITbPo.jpg,Continental Belt,Continental,GTC,FixedPrice,ReturnsAccepted,Days_30,Buyer,Columbia MO,65201
Add,eBayMotors,33615,10X975 12311268697 93185052,nan10X975,Continental Belt 10X975,1000,$10.90,1,https://i.imgur.com/9oITbPo.jpg,Continental Belt,Continental,GTC,FixedPrice,ReturnsAccepted,Days_30,Buyer,Columbia MO,65201
Add,eBayMotors,33615,10X955 12311284317,nan10X955,Continental Belt 10X955,1000,$9.00,1,https://i.imgur.com/9oITbPo.jpg,Continental Belt,Continental,GTC,FixedPrice,ReturnsAccepted,Days_30,Buyer,Columbia MO,65201
Add,eBayMotors,33615,10X950,nan10X950,Continental Belt 10X950,1000,$16.70,1,https://i.imgur.com/9oITbPo.jpg,Continental Belt,Continental,GTC,FixedPrice,ReturnsAccepted,Days_30,Buyer,Columbia MO,65201
Add,eBayMotors,33615,10X940 049903137D,nan10X940,Continental Belt 10X940,1000,$12.02,1,https://i.imgur.com/9oITbPo.jpg,Continental Belt,Continental,GTC,FixedPrice,ReturnsAccepted,Days_30,Buyer,Columbia MO,65201
Add,eBayMotors,33615,10X938,nan10X938,Continental Belt 10X938,1000,$8.50,1,https://i.imgur.com/9oITbPo.jpg,Continental Belt,Continental,GTC,FixedPrice,ReturnsAccepted,Days_30,Buyer,Columbia MO,65201
Add,eBayMotors,33615,10X935 0069973292,nan10X935,Continental Belt 10X935,1000,$10.54,1,https://i.imgur.com/9oITbPo.jpg,Continental Belt,Continental,GTC,FixedPrice,ReturnsAccepted,Days_30,Buyer,Columbia MO,65201
Add,eBayMotors,33615,10X930,nan10X930,Continental Belt 10X930,1000,$11.84,1,https://i.imgur.com/9oITbPo.jpg,Continental Belt,Continental,GTC,FixedPrice,ReturnsAccepted,Days_30,Buyer,Columbia MO,65201
Add,eBayMotors,33615,10X925,nan10X925,Continental Belt 10X925,1000,$38.58,1,https://i.imgur.com/9oITbPo.jpg,Continental Belt,Continental,GTC,FixedPrice,ReturnsAccepted,Days_30,Buyer,Columbia MO,65201
Add,eBayMotors,33615,10X918 973537 10X920,nan10X918,Continental Belt 10X918,1000,$12.38,1,https://i.imgur.com/9oITbPo.jpg,Continental Belt,Continental,GTC,FixedPrice,ReturnsAccepted,Days_30,Buyer,Columbia MO,65201
Add,eBayMotors,33615,10X913 32411711144,nan10X913,Continental Belt 10X913,1000,$9.76,1,https://i.imgur.com/9oITbPo.jpg,Continental Belt,Continental,GTC,FixedPrice,ReturnsAccepted,Days_30,Buyer,Columbia MO,65201
Add,eBayMotors,33615,10X900 0079977892 32421711067,nan10X900,Continental Belt 10X900,1000,$9.98,1,https://i.imgur.com/9oITbPo.jpg,Continental Belt,Continental,GTC,FixedPrice,ReturnsAccepted,Days_30,Buyer,Columbia MO,65201
Add,eBayMotors,33615,10X875 0059978392 12311268676 99919213550,nan10X875,Continental Belt 10X875,1000,$14.00,1,https://i.imgur.com/9oITbPo.jpg,Continental Belt,Continental,GTC,FixedPrice,ReturnsAccepted,Days_30,Buyer,Columbia MO,65201
Add,eBayMotors,33615,10X870 2345B 2345,nan10X870,Continental Belt 10X870,1000,$9.02,1,https://i.imgur.com/9oITbPo.jpg,Continental Belt,Continental,GTC,FixedPrice,ReturnsAccepted,Days_30,Buyer,Columbia MO,65201
Add,eBayMotors,33615,10X865 0059979292 11231709638,nan10X865,Continental Belt 10X865,1000,$7.96,1,https://i.imgur.com/9oITbPo.jpg,Continental Belt,Continental,GTC,FixedPrice,ReturnsAccepted,Days_30,Buyer,Columbia MO,65201
Add,eBayMotors,33615,10X838 0069972992,nan10X838,Continental Belt 10X838,1000,$7.88,1,https://i.imgur.com/9oITbPo.jpg,Continental Belt,Continental,GTC,FixedPrice,ReturnsAccepted,Days_30,Buyer,Columbia MO,65201
Add,eBayMotors,33615,10X800 11641254120 32421717953,nan10X800,Continental Belt 10X800,1000,$9.88,1,https://i.imgur.com/9oITbPo.jpg,Continental Belt,Continental,GTC,FixedPrice,ReturnsAccepted,Days_30,Buyer,Columbia MO,65201
Add,eBayMotors,33615,10X790 2310B 2310,nan10X790,Continental Belt 10X790,1000,$8.62,1,https://i.imgur.com/9oITbPo.jpg,Continental Belt,Continental,GTC,FixedPrice,ReturnsAccepted,Days_30,Buyer,Columbia MO,65201
Add,eBayMotors,33615,7PK1290 7K1290 021145933C,nan7PK1290,Continental Belt 7PK1290,1000,$48.00,1,https://i.imgur.com/9oITbPo.jpg,Continental Belt,Continental,GTC,FixedPrice,ReturnsAccepted,Days_30,Buyer,Columbia MO,65201
Add,eBayMotors,33615,7DPK1400 7DK1400 7DPK1395 7DK1395 021145933K,nan7DPK1400,Continental Belt 7DPK1400,1000,$58.00,1,https://i.imgur.com/9oITbPo.jpg,Continental Belt,Continental,GTC,FixedPrice,ReturnsAccepted,Days_30,Buyer,Columbia MO,65201
Add,eBayMotors,33615,7PK1580 7K1580 11287636367,nan7PK1580,Continental Belt 7PK1580,1000,$30.00,1,https://i.imgur.com/9oITbPo.jpg,Continental Belt,Continental,GTC,FixedPrice,ReturnsAccepted,Days_30,Buyer,Columbia MO,65201
Add,eBayMotors,33615,7PK1629 7K1629 11287631823 11287833264,nan7PK1629,Continental Belt 7PK1629,1000,$33.00,1,https://i.imgur.com/9oITbPo.jpg,Continental Belt,Continental,GTC,FixedPrice,ReturnsAccepted,Days_30,Buyer,Columbia MO,65201
Add,eBayMotors,33615,7PK1635 7K1635 11287636377 LR051050,nan7PK1635,Continental Belt 7PK1635,1000,$41.00,1,https://i.imgur.com/9oITbPo.jpg,Continental Belt,Continental,GTC,FixedPrice,ReturnsAccepted,Days_30,Buyer,Columbia MO,65201
Add,eBayMotors,33615,7DK2074 7DPK2074 022145933P 95510293300,nan7DK2074,Continental Belt 7DK2074,1000,$62.00,1,https://i.imgur.com/9oITbPo.jpg,Continental Belt,Continental,GTC,FixedPrice,ReturnsAccepted,Days_30,Buyer,Columbia MO,65201
Add,eBayMotors,33615,7PK2365 7K2365 077903137AB,nan7PK2365,Continental Belt 7PK2365,1000,$32.00,1,https://i.imgur.com/9oITbPo.jpg,Continental Belt,Continental,GTC,FixedPrice,ReturnsAccepted,Days_30,Buyer,Columbia MO,65201
Add,eBayMotors,33615,7PK2535 7K2535 077903137AE,nan7PK2535,Continental Belt 7PK2535,1000,$60.00,1,https://i.imgur.com/9oITbPo.jpg,Continental Belt,Continental,GTC,FixedPrice,ReturnsAccepted,Days_30,Buyer,Columbia MO,65201
Add,eBayMotors,33615,7PK2555 7K2555,nan7PK2555,Continental Belt 7PK2555,1000,$45.00,1,https://i.imgur.com/9oITbPo.jpg,Continental Belt,Continental,GTC,FixedPrice,ReturnsAccepted,Days_30,Buyer,Columbia MO,65201
Add,eBayMotors,33615,8PK2585 8K2585 0109977392,nan8PK2585,Continental Belt 8PK2585,1000,$68.91,1,https://i.imgur.com/9oITbPo.jpg,Continental Belt,Continental,GTC,FixedPrice,ReturnsAccepted,Days_30,Buyer,Columbia MO,65201
Add,eBayMotors,33615,8K2465 8PK2465 0099978792,nan8K2465,Continental Belt 8K2465,1000,$55.20,1,https://i.imgur.com/9oITbPo.jpg,Continental Belt,Continental,GTC,FixedPrice,ReturnsAccepted,Days_30,Buyer,Columbia MO,65201
Add,eBayMotors,33615,6DPK1853 6DK1853 30731809 9A110221601,nan6DPK1853,Continental Belt 6DPK1853,1000,$45.14,1,https://i.imgur.com/9oITbPo.jpg,Continental Belt,Continental,GTC,FixedPrice,ReturnsAccepted,Days_30,Buyer,Columbia MO,65201
Add,eBayMotors,33615,6DPK1320 6DK1320 066145933J,nan6DPK1320,Continental Belt 6DPK1320,1000,$42.65,1,https://i.imgur.com/9oITbPo.jpg,Continental Belt,Continental,GTC,FixedPrice,ReturnsAccepted,Days_30,Buyer,Columbia MO,65201
Add,eBayMotors,33615,6DPK1285 6DK1285 06G260849,nan6DPK1285,Continental Belt 6DPK1285,1000,$47.71,1,https://i.imgur.com/9oITbPo.jpg,Continental Belt,Continental,GTC,FixedPrice,ReturnsAccepted,Days_30,Buyer,Columbia MO,65201
Add,eBayMotors,33615,6DPK1195 6DK1195 06A260849C,nan6DPK1195,Continental Belt 6DPK1195,1000,$37.78,1,https://i.imgur.com/9oITbPo.jpg,Continental Belt,Continental,GTC,FixedPrice,ReturnsAccepted,Days_30,Buyer,Columbia MO,65201
Add,eBayMotors,33615,10X1250 9347048,nan10X1250,Continental Belt 10X1250,1000,$12.96,1,https://i.imgur.com/9oITbPo.jpg,Continental Belt,Continental,GTC,FixedPrice,ReturnsAccepted,Days_30,Buyer,Columbia MO,65201
Add,eBayMotors,33615,10X1225 0069973492,nan10X1225,Continental Belt 10X1225,1000,$18.66,1,https://i.imgur.com/9oITbPo.jpg,Continental Belt,Continental,GTC,FixedPrice,ReturnsAccepted,Days_30,Buyer,Columbia MO,65201
Add,eBayMotors,33615,10X1210,nan10X1210,Continental Belt 10X1210,1000,$11.96,1,https://i.imgur.com/9oITbPo.jpg,Continental Belt,Continental,GTC,FixedPrice,ReturnsAccepted,Days_30,Buyer,Columbia MO,65201
Add,eBayMotors,33615,10X1200 0059977792,nan10X1200,Continental Belt 10X1200,1000,$14.70,,https://i.imgur.com/9oITbPo.jpg,Continental Belt,Continental,GTC,FixedPrice,ReturnsAccepted,Days_30,Buyer,Columbia MO,65201
Add,eBayMotors,33615,10X1184 0069973392 9361791,nan10X1184,Continental Belt 10X1184,1000,$19.68,,https://i.imgur.com/9oITbPo.jpg,Continental Belt,Continental,GTC,FixedPrice,ReturnsAccepted,Days_30,Buyer,Columbia MO,65201
Add,eBayMotors,33615,10X1175,nan10X1175,Continental Belt 10X1175,1000,$11.56,,https://i.imgur.com/9oITbPo.jpg,Continental Belt,Continental,GTC,FixedPrice,ReturnsAccepted,Days_30,Buyer,Columbia MO,65201
Add,eBayMotors,33615,9.5X1175 95X1175 4014486098464 26111801,nan9.5X1175,Continental Belt 9.5X1175,1000,$12.34,,https://i.imgur.com/9oITbPo.jpg,Continental Belt,Continental,GTC,FixedPrice,ReturnsAccepted,Days_30,Buyer,Columbia MO,65201
Add,eBayMotors,33615,4PK1080 4PK1070,nan4PK1080,Continental Belt 4PK1080,1000,$15.00,,https://i.imgur.com/9oITbPo.jpg,Continental Belt,Continental,GTC,FixedPrice,ReturnsAccepted,Days_30,Buyer,Columbia MO,65201
Add,eBayMotors,33615,4PK1120 4K1120 06M903137AA,nan4PK1120,Continental Belt 4PK1120,1000,$15.00,,https://i.imgur.com/9oITbPo.jpg,Continental Belt,Continental,GTC,FixedPrice,ReturnsAccepted,Days_30,Buyer,Columbia MO,65201
Add,eBayMotors,33615,4PK1137 4K1137 4PK1140 4K1140,nan4PK1137,Continental Belt 4PK1137,1000,$16.00,,https://i.imgur.com/9oITbPo.jpg,Continental Belt,Continental,GTC,FixedPrice,ReturnsAccepted,Days_30,Buyer,Columbia MO,65201
Add,eBayMotors,33615,5PK830 5PK0830 11287830946 NAC2211BA,nan5PK830,Continental Belt 5PK830,1000,$16.00,,https://i.imgur.com/9oITbPo.jpg,Continental Belt,Continental,GTC,FixedPrice,ReturnsAccepted,Days_30,Buyer,Columbia MO,65201
Add,eBayMotors,33615,5PK836 5K836 5PK0836 5K0836 5PK835 5K835 5PK0835 5K0835,nan5PK836,Continental Belt 5PK836,1000,$17.00,,https://i.imgur.com/9oITbPo.jpg,Continental Belt,Continental,GTC,FixedPrice,ReturnsAccepted,Days_30,Buyer,Columbia MO,65201
Add,eBayMotors,33615,5PK847 5K847 30777530,nan5PK847,Continental Belt 5PK847,1000,$20.00,,https://i.imgur.com/9oITbPo.jpg,Continental Belt,Continental,GTC,FixedPrice,ReturnsAccepted,Days_30,Buyer,Columbia MO,65201
Add,eBayMotors,33615,5PK855 5K855 5K863 11281437450,nan5PK855,Continental Belt 5PK855,1000,$15.00,,https://i.imgur.com/9oITbPo.jpg,Continental Belt,Continental,GTC,FixedPrice,ReturnsAccepted,Days_30,Buyer,Columbia MO,65201
Add,eBayMotors,33615,5PK863,nan5PK863,Continental Belt 5PK863,1000,$25.00,,https://i.imgur.com/9oITbPo.jpg,Continental Belt,Continental,GTC,FixedPrice,ReturnsAccepted,Days_30,Buyer,Columbia MO,65201
Add,eBayMotors,33615,5PK880 5K880,nan5PK880,Continental Belt 5PK880,1000,$20.00,,https://i.imgur.com/9oITbPo.jpg,Continental Belt,Continental,GTC,FixedPrice,ReturnsAccepted,Days_30,Buyer,Columbia MO,65201
Add,eBayMotors,33615,5K890 5PK890 11281703943,nan5K890,Continental Belt 5K890,1000,$25.00,,https://i.imgur.com/9oITbPo.jpg,Continental Belt,Continental,GTC,FixedPrice,ReturnsAccepted,Days_30,Buyer,Columbia MO,65201
Add,eBayMotors,33615,5PK906 5K90611281437449,nan5PK906,Continental Belt 5PK906,1000,$20.00,,https://i.imgur.com/9oITbPo.jpg,Continental Belt,Continental,GTC,FixedPrice,ReturnsAccepted,Days_30,Buyer,Columbia MO,65201
Add,eBayMotors,33615,5PK925 5K925 07K145933C,nan5PK925,Continental Belt 5PK925,1000,$25.00,,https://i.imgur.com/9oITbPo.jpg,Continental Belt,Continental,GTC,FixedPrice,ReturnsAccepted,Days_30,Buyer,Columbia MO,65201
Add,eBayMotors,33615,5PK935 5PK940 5K935 5K940 07K145933G,nan5PK935,Continental Belt 5PK935,1000,$18.00,,https://i.imgur.com/9oITbPo.jpg,Continental Belt,Continental,GTC,FixedPrice,ReturnsAccepted,Days_30,Buyer,Columbia MO,65201
Add,eBayMotors,33615,5PK970 5K970 5PK0970 5K0970 07L903137T,nan5PK970,Continental Belt 5PK970,1000,$20.00,,https://i.imgur.com/9oITbPo.jpg,Continental Belt,Continental,GTC,FixedPrice,ReturnsAccepted,Days_30,Buyer,Columbia MO,65201
Add,eBayMotors,33615,5PK980 5K980 5PK0980 11287833266 EBC11306,nan5PK980,Continental Belt 5PK980,1000,$17.00,,https://i.imgur.com/9oITbPo.jpg,Continental Belt,Continental,GTC,FixedPrice,ReturnsAccepted,Days_30,Buyer,Columbia MO,65201
Add,eBayMotors,33615,5PK0995 5K0995 5K995 5PK995,nan5PK0995,Continental Belt 5PK0995,1000,$19.00,,https://i.imgur.com/9oITbPo.jpg,Continental Belt,Continental,GTC,FixedPrice,ReturnsAccepted,Days_30,Buyer,Columbia MO,65201
Add,eBayMotors,33615,5PK1005 5K1005 11287636376 99919220650 PQS000220,nan5PK1005,Continental Belt 5PK1005,1000,$18.00,,https://i.imgur.com/9oITbPo.jpg,Continental Belt,Continental,GTC,FixedPrice,ReturnsAccepted,Days_30,Buyer,Columbia MO,65201
Add,eBayMotors,33615,5PK1060 5K1060 07K145933E,nan5PK1060,Continental Belt 5PK1060,1000,$30.00,,https://i.imgur.com/9oITbPo.jpg,Continental Belt,Continental,GTC,FixedPrice,ReturnsAccepted,Days_30,Buyer,Columbia MO,65201
Add,eBayMotors,33615,5PK1110 5K1110,nan5PK1110,Continental Belt 5PK1110,1000,$19.00,,https://i.imgur.com/9oITbPo.jpg,Continental Belt,Continental,GTC,FixedPrice,ReturnsAccepted,Days_30,Buyer,Columbia MO,65201
Add,eBayMotors,33615,5PK1125 5K1125 079903137AB,nan5PK1125,Continental Belt 5PK1125,1000,$17.00,,https://i.imgur.com/9oITbPo.jpg,Continental Belt,Continental,GTC,FixedPrice,ReturnsAccepted,Days_30,Buyer,Columbia MO,65201
Add,eBayMotors,33615,5PK1155 5K1155 11281733708,nan5PK1155,Continental Belt 5PK1155,1000,$19.00,,https://i.imgur.com/9oITbPo.jpg,Continental Belt,Continental,GTC,FixedPrice,ReturnsAccepted,Days_30,Buyer,Columbia MO,65201
Add,eBayMotors,33615,5PK1190 5K1190 11281736972,nan5PK1190,Continental Belt 5PK1190,1000,$23.57,,https://i.imgur.com/9oITbPo.jpg,Continental Belt,Continental,GTC,FixedPrice,ReturnsAccepted,Days_30,Buyer,Columbia MO,65201
Add,eBayMotors,33615,5PK1290 5K1290 5PK1295 5K1295 5K1300 5PK1300 06B903137E,nan5PK1290,Continental Belt 5PK1290,1000,$18.00,,https://i.imgur.com/9oITbPo.jpg,Continental Belt,Continental,GTC,FixedPrice,ReturnsAccepted,Days_30,Buyer,Columbia MO,65201
Add,eBayMotors,33615,5PK1290 5K1290 5PK1295 5K1295 5K1300 5PK1300 06B903137E,nan5PK1290,Continental Belt 5PK1290,1000,$18.00,,https://i.imgur.com/9oITbPo.jpg,Continental Belt,Continental,GTC,FixedPrice,ReturnsAccepted,Days_30,Buyer,Columbia MO,65201
Add,eBayMotors,33615,5PK1432 5K1432 038903137T,nan5PK1432,Continental Belt 5PK1432,1000,$23.00,,https://i.imgur.com/9oITbPo.jpg,Continental Belt,Continental,GTC,FixedPrice,ReturnsAccepted,Days_30,Buyer,Columbia MO,65201
Add,eBayMotors,33615,5PK1592 5K1592 93185054,nan5PK1592,Continental Belt 5PK1592,1000,$20.00,,https://i.imgur.com/9oITbPo.jpg,Continental Belt,Continental,GTC,FixedPrice,ReturnsAccepted,Days_30,Buyer,Columbia MO,65201
Add,eBayMotors,33615,5PK1610 5K1610 7579881,nan5PK1610,Continental Belt 5PK1610,1000,$15.00,,https://i.imgur.com/9oITbPo.jpg,Continental Belt,Continental,GTC,FixedPrice,ReturnsAccepted,Days_30,Buyer,Columbia MO,65201
Add,eBayMotors,33615,5DK1554 5DPK1554 07K145933F,nan5DK1554,Continental Belt 5DK1554,1000,$60.00,,https://i.imgur.com/9oITbPo.jpg,Continental Belt,Continental,GTC,FixedPrice,ReturnsAccepted,Days_30,Buyer,Columbia MO,65201
Add,eBayMotors,33615,7PK1035 1128867207Z,nan7PK1035,Continental Belt 7PK1035,1000,$30.00,,https://i.imgur.com/9oITbPo.jpg,Continental Belt,Continental,GTC,FixedPrice,ReturnsAccepted,Days_30,Buyer,Columbia MO,65201
Add,eBayMotors,33615,7PK1290 7K1290 021145933C,nan7PK1290,Continental Belt 7PK1290,1000,$48.00,,https://i.imgur.com/9oITbPo.jpg,Continental Belt,Continental,GTC,FixedPrice,ReturnsAccepted,Days_30,Buyer,Columbia MO,65201
Add,eBayMotors,33615,7PK1270 7K1270 06E903137AB 95810225100,nan7PK1270,Continental Belt 7PK1270,1000,$35.00,,https://i.imgur.com/9oITbPo.jpg,Continental Belt,Continental,GTC,FixedPrice,ReturnsAccepted,Days_30,Buyer,Columbia MO,65201
Add,eBayMotors,33615,6PK2120 6K2120 0089973492 93185756,nan6PK2120,Continental Belt 6PK2120,1000,$41.35,,https://i.imgur.com/9oITbPo.jpg,Continental Belt,Continental,GTC,FixedPrice,ReturnsAccepted,Days_30,Buyer,Columbia MO,65201
Add,eBayMotors,33615,6PK2130 6K2130 0039935796 0119978592 074260849J,nan6PK2130,Continental Belt 6PK2130,1000,$39.39,,https://i.imgur.com/9oITbPo.jpg,Continental Belt,Continental,GTC,FixedPrice,ReturnsAccepted,Days_30,Buyer,Columbia MO,65201
Add,eBayMotors,33615,6PK2145 6K2145 0089973892 11288570646,nan6PK2145,Continental Belt 6PK2145,1000,$40.62,,https://i.imgur.com/9oITbPo.jpg,Continental Belt,Continental,GTC,FixedPrice,ReturnsAccepted,Days_30,Buyer,Columbia MO,65201
Add,eBayMotors,33615,6PK2155 6K2155 0119975292,nan6PK2155,Continental Belt 6PK2155,1000,$37.00,,https://i.imgur.com/9oITbPo.jpg,Continental Belt,Continental,GTC,FixedPrice,ReturnsAccepted,Days_30,Buyer,Columbia MO,65201
Add,eBayMotors,33615,6PK2245 6K2245 0079978292,nan6PK2245,Continental Belt 6PK2245,1000,$43.00,,https://i.imgur.com/9oITbPo.jpg,Continental Belt,Continental,GTC,FixedPrice,ReturnsAccepted,Days_30,Buyer,Columbia MO,65201
Add,eBayMotors,33615,6PK2271 6K2271,nan6PK2271,Continental Belt 6PK2271,1000,$40.00,,https://i.imgur.com/9oITbPo.jpg,Continental Belt,Continental,GTC,FixedPrice,ReturnsAccepted,Days_30,Buyer,Columbia MO,65201
Add,eBayMotors,33615,6PK2257 6K2257 0089977092 05103565AA,nan6PK2257,Continental Belt 6PK2257,1000,$36.00,,https://i.imgur.com/9oITbPo.jpg,Continental Belt,Continental,GTC,FixedPrice,ReturnsAccepted,Days_30,Buyer,Columbia MO,65201
Add,eBayMotors,33615,6PK2260 6K2260 001993869664 05127258AB 078903137P 99610215193,nan6PK2260,Continental Belt 6PK2260,1000,$42.00,,https://i.imgur.com/9oITbPo.jpg,Continental Belt,Continental,GTC,FixedPrice,ReturnsAccepted,Days_30,Buyer,Columbia MO,65201
Add,eBayMotors,33615,6PK2303 6K2303,nan6PK2303,Continental Belt 6PK2303,1000,$37.33,,https://i.imgur.com/9oITbPo.jpg,Continental Belt,Continental,GTC,FixedPrice,ReturnsAccepted,Days_30,Buyer,Columbia MO,65201
Add,eBayMotors,33615,6PK2330,nan6PK2330,Continental Belt 6PK2330,1000,$50.00,,https://i.imgur.com/9oITbPo.jpg,Continental Belt,Continental,GTC,FixedPrice,ReturnsAccepted,Days_30,Buyer,Columbia MO,65201
Add,eBayMotors,33615,6PK2375 6K2375 LR091610 T2H3354,nan6PK2375,Continental Belt 6PK2375,1000,$45.00,,https://i.imgur.com/9oITbPo.jpg,Continental Belt,Continental,GTC,FixedPrice,ReturnsAccepted,Days_30,Buyer,Columbia MO,65201
Add,eBayMotors,33615,6PK2380 6K2380 6KX2380 0149977192,nan6PK2380,Continental Belt 6PK2380,1000,$37.00,,https://i.imgur.com/9oITbPo.jpg,Continental Belt,Continental,GTC,FixedPrice,ReturnsAccepted,Days_30,Buyer,Columbia MO,65201
Add,eBayMotors,33615,6PK2406,nan6PK2406,Continental Belt 6PK2406,1000,$50.00,,https://i.imgur.com/9oITbPo.jpg,Continental Belt,Continental,GTC,FixedPrice,ReturnsAccepted,Days_30,Buyer,Columbia MO,65201
Add,eBayMotors,33615,6PK2415 6K2415 0119974792 059903137AG 06E903137J 55563222,nan6PK2415,Continental Belt 6PK2415,1000,$45.00,,https://i.imgur.com/9oITbPo.jpg,Continental Belt,Continental,GTC,FixedPrice,ReturnsAccepted,Days_30,Buyer,Columbia MO,65201
Add,eBayMotors,33615,6PK2445 6K2445 0119970692 LR035542 LR051263,nan6PK2445,Continental Belt 6PK2445,1000,$44.00,,https://i.imgur.com/9oITbPo.jpg,Continental Belt,Continental,GTC,FixedPrice,ReturnsAccepted,Days_30,Buyer,Columbia MO,65201
Add,eBayMotors,33615,6PK2460 6K2460 077903137D 1139970092 C2S24900 LR064185 T2R10142,nan6PK2460,Continental Belt 6PK2460,1000,$52.00,,https://i.imgur.com/9oITbPo.jpg,Continental Belt,Continental,GTC,FixedPrice,ReturnsAccepted,Days_30,Buyer,Columbia MO,65201
Add,eBayMotors,33615,6PK2480 6K2480 6PK2475 6K2475 0109978992 059903137R,nan6PK2480,Continental Belt 6PK2480,1000,$42.00,,https://i.imgur.com/9oITbPo.jpg,Continental Belt,Continental,GTC,FixedPrice,ReturnsAccepted,Days_30,Buyer,Columbia MO,65201
Add,eBayMotors,33615,6PK2515 6K2515,nan6PK2515,Continental Belt 6PK2515,1000,$35.00,,https://i.imgur.com/9oITbPo.jpg,Continental Belt,Continental,GTC,FixedPrice,ReturnsAccepted,Days_30,Buyer,Columbia MO,65201
Add,eBayMotors,33615,6PK2523 6K2523 0029936796 0109979992 059903137AL 8653617 95810221610,nan6PK2523,Continental Belt 6PK2523,1000,$46.08,,https://i.imgur.com/9oITbPo.jpg,Continental Belt,Continental,GTC,FixedPrice,ReturnsAccepted,Days_30,Buyer,Columbia MO,65201
Add,eBayMotors,33615,6PK2535 6K2535 0029936596 0119972992 C2P12808,nan6PK2535,Continental Belt 6PK2535,1000,$45.00,,https://i.imgur.com/9oITbPo.jpg,Continental Belt,Continental,GTC,FixedPrice,ReturnsAccepted,Days_30,Buyer,Columbia MO,65201
Add,eBayMotors,33615,6PK2550 6K2550 93185051 PQR500340,nan6PK2550,Continental Belt 6PK2550,1000,$48.00,,https://i.imgur.com/9oITbPo.jpg,Continental Belt,Continental,GTC,FixedPrice,ReturnsAccepted,Days_30,Buyer,Columbia MO,65201
Add,eBayMotors,33615,6PK2625 6K2625 4395414,nan6PK2625,Continental Belt 6PK2625,1000,$42.00,,https://i.imgur.com/9oITbPo.jpg,Continental Belt,Continental,GTC,FixedPrice,ReturnsAccepted,Days_30,Buyer,Columbia MO,65201
Add,eBayMotors,33615,6PK2648 6K2648 077903137S,nan6PK2648,Continental Belt 6PK2648,1000,$68.00,,https://i.imgur.com/9oITbPo.jpg,Continental Belt,Continental,GTC,FixedPrice,ReturnsAccepted,Days_30,Buyer,Columbia MO,65201
Add,eBayMotors,33615,6PK2680 6K2680 077903137Q,nan6PK2680,Continental Belt 6PK2680,1000,$50.00,,https://i.imgur.com/9oITbPo.jpg,Continental Belt,Continental,GTC,FixedPrice,ReturnsAccepted,Days_30,Buyer,Columbia MO,65201
Add,eBayMotors,33615,3PK0715 3K0715 3PK715 3K715 31110PJ7033,nan3PK0715,Continental Belt 3PK0715,1000,$10.00,,https://i.imgur.com/9oITbPo.jpg,Continental Belt,Continental,GTC,FixedPrice,ReturnsAccepted,Days_30,Buyer,Columbia MO,65201
Add,eBayMotors,33615,3PK925 3K925 3PK0925 3K0925,nan3PK925,Continental Belt 3PK925,1000,$20.00,,https://i.imgur.com/9oITbPo.jpg,Continental Belt,Continental,GTC,FixedPrice,ReturnsAccepted,Days_30,Buyer,Columbia MO,65201
Add,eBayMotors,33615,4PK800 4K800 4PK0800 4K0800 EB007 11287552084 11287631825 4K819 4PK819 4K819ELAST,nan4PK800,Continental Belt 4PK800,1000,$23.00,,https://i.imgur.com/9oITbPo.jpg,Continental Belt,Continental,GTC,FixedPrice,ReturnsAccepted,Days_30,Buyer,Columbia MO,65201
Add,eBayMotors,33615,4PK863 4K863 11287512762,nan4PK863,Continental Belt 4PK863,1000,$18.00,,https://i.imgur.com/9oITbPo.jpg,Continental Belt,Continental,GTC,FixedPrice,ReturnsAccepted,Days_30,Buyer,Columbia MO,65201
Add,eBayMotors,33615,4PK875 4K875 4PK0875 4K0875,nan4PK875,Continental Belt 4PK875,1000,$14.62,,https://i.imgur.com/9oITbPo.jpg,Continental Belt,Continental,GTC,FixedPrice,ReturnsAccepted,Days_30,Buyer,Columbia MO,65201
Add,eBayMotors,33615,6PK1130 6K1130 06L903137A,nan6PK1130,Continental Belt 6PK1130,1000,$20.62,,https://i.imgur.com/9oITbPo.jpg,Continental Belt,Continental,GTC,FixedPrice,ReturnsAccepted,Days_30,Buyer,Columbia MO,65201
Add,eBayMotors,33615,6PK1195 6K1195,nan6PK1195,Continental Belt 6PK1195,1000,$28.00,,https://i.imgur.com/9oITbPo.jpg,Continental Belt,Continental,GTC,FixedPrice,ReturnsAccepted,Days_30,Buyer,Columbia MO,65201
Add,eBayMotors,33615,6PK1200 6K1200 30757007 31251046 LR003570,nan6PK1200,Continental Belt 6PK1200,1000,$22.68,,https://i.imgur.com/9oITbPo.jpg,Continental Belt,Continental,GTC,FixedPrice,ReturnsAccepted,Days_30,Buyer,Columbia MO,65201
Add,eBayMotors,33615,6PK1285 6K1285,nan6PK1285,Continental Belt 6PK1285,1000,$30.00,,https://i.imgur.com/9oITbPo.jpg,Continental Belt,Continental,GTC,FixedPrice,ReturnsAccepted,Days_30,Buyer,Columbia MO,65201
Add,eBayMotors,33615,6PK1325 6K1325 0119975892,nan6PK1325,Continental Belt 6PK1325,1000,$29.66,,https://i.imgur.com/9oITbPo.jpg,Continental Belt,Continental,GTC,FixedPrice,ReturnsAccepted,Days_30,Buyer,Columbia MO,65201
Add,eBayMotors,33615,6PK1343,nan6PK1343,Continental Belt 6PK1343,1000,$23.40,,https://i.imgur.com/9oITbPo.jpg,Continental Belt,Continental,GTC,FixedPrice,ReturnsAccepted,Days_30,Buyer,Columbia MO,65201
Add,eBayMotors,33615,6PK1365 6K1365,nan6PK1365,Continental Belt 6PK1365,1000,$25.00,,https://i.imgur.com/9oITbPo.jpg,Continental Belt,Continental,GTC,FixedPrice,ReturnsAccepted,Days_30,Buyer,Columbia MO,65201
Add,eBayMotors,33615,6PK1374 6K1374 11287545120,nan6PK1374,Continental Belt 6PK1374,1000,$24.20,,https://i.imgur.com/9oITbPo.jpg,Continental Belt,Continental,GTC,FixedPrice,ReturnsAccepted,Days_30,Buyer,Columbia MO,65201
Add,eBayMotors,33615,6PK1388 6K1388 11287520199,nan6PK1388,Continental Belt 6PK1388,1000,$28.00,,https://i.imgur.com/9oITbPo.jpg,Continental Belt,Continental,GTC,FixedPrice,ReturnsAccepted,Days_30,Buyer,Columbia MO,65201
Add,eBayMotors,33615,6K1453 6PK1453 11287636372,nan6K1453,Continental Belt 6K1453,1000,$27.91,,https://i.imgur.com/9oITbPo.jpg,Continental Belt,Continental,GTC,FixedPrice,ReturnsAccepted,Days_30,Buyer,Columbia MO,65201
Add,eBayMotors,33615,6K1538 6PK1538 11287636379,nan6K1538,Continental Belt 6K1538,1000,$30.00,,https://i.imgur.com/9oITbPo.jpg,Continental Belt,Continental,GTC,FixedPrice,ReturnsAccepted,Days_30,Buyer,Columbia MO,65201
Add,eBayMotors,33615,6PK1548 6K1548 11287631817,nan6PK1548,Continental Belt 6PK1548,1000,$25.20,,https://i.imgur.com/9oITbPo.jpg,Continental Belt,Continental,GTC,FixedPrice,ReturnsAccepted,Days_30,Buyer,Columbia MO,65201
Add,eBayMotors,33615,6PK1555 6K1555 11287631818 11287636378 99919236551 PQS101272L,nan6PK1555,Continental Belt 6PK1555,1000,$30.00,,https://i.imgur.com/9oITbPo.jpg,Continental Belt,Continental,GTC,FixedPrice,ReturnsAccepted,Days_30,Buyer,Columbia MO,65201
Add,eBayMotors,33615,6PK1570 6K1570 06D903137E 11281738991,nan6PK1570,Continental Belt 6PK1570,1000,$26.08,,https://i.imgur.com/9oITbPo.jpg,Continental Belt,Continental,GTC,FixedPrice,ReturnsAccepted,Days_30,Buyer,Columbia MO,65201
Add,eBayMotors,33615,6PK1590 6K1590 06B903137D 06H903137C,nan6PK1590,Continental Belt 6PK1590,1000,$27.77,,https://i.imgur.com/9oITbPo.jpg,Continental Belt,Continental,GTC,FixedPrice,ReturnsAccepted,Days_30,Buyer,Columbia MO,65201
Add,eBayMotors,33615,6PK1623 6K1623 9146557,nan6PK1623,Continental Belt 6PK1623,1000,$28.77,,https://i.imgur.com/9oITbPo.jpg,Continental Belt,Continental,GTC,FixedPrice,ReturnsAccepted,Days_30,Buyer,Columbia MO,65201
Add,eBayMotors,33615,6PK1627 6K1627,nan6PK1627,Continental Belt 6PK1627,1000,$30.00,,https://i.imgur.com/9oITbPo.jpg,Continental Belt,Continental,GTC,FixedPrice,ReturnsAccepted,Days_30,Buyer,Columbia MO,65201
Add,eBayMotors,33615,6PK1642 6K1642 9146160,nan6PK1642,Continental Belt 6PK1642,1000,$25.69,,https://i.imgur.com/9oITbPo.jpg,Continental Belt,Continental,GTC,FixedPrice,ReturnsAccepted,Days_30,Buyer,Columbia MO,65201
Add,eBayMotors,33615,6PK1660 6K1660 038903137J 11287636373,nan6PK1660,Continental Belt 6PK1660,1000,$30.26,,https://i.imgur.com/9oITbPo.jpg,Continental Belt,Continental,GTC,FixedPrice,ReturnsAccepted,Days_30,Buyer,Columbia MO,65201
Add,eBayMotors,33615,6PK1715 6K1715 11288573252 11288573253,nan6PK1715,Continental Belt 6PK1715,1000,$28.00,,https://i.imgur.com/9oITbPo.jpg,Continental Belt,Continental,GTC,FixedPrice,ReturnsAccepted,Days_30,Buyer,Columbia MO,65201
Add,eBayMotors,33615,6PK1733 6K1733 11281437369,nan6PK1733,Continental Belt 6PK1733,1000,$30.14,,https://i.imgur.com/9oITbPo.jpg,Continental Belt,Continental,GTC,FixedPrice,ReturnsAccepted,Days_30,Buyer,Columbia MO,65201
Add,eBayMotors,33615,6PK1760 6K1760 7B0903137A,nan6PK1760,Continental Belt 6PK1760,1000,$30.19,,https://i.imgur.com/9oITbPo.jpg,Continental Belt,Continental,GTC,FixedPrice,ReturnsAccepted,Days_30,Buyer,Columbia MO,65201
Add,eBayMotors,33615,6PK1856 6K1856 078903137BL,nan6PK1856,Continental Belt 6PK1856,1000,$28.18,,https://i.imgur.com/9oITbPo.jpg,Continental Belt,Continental,GTC,FixedPrice,ReturnsAccepted,Days_30,Buyer,Columbia MO,65201
Add,eBayMotors,33615,6PK1885 6K1885 06C903137E 078903137BC,nan6PK1885,Continental Belt 6PK1885,1000,$33.30,,https://i.imgur.com/9oITbPo.jpg,Continental Belt,Continental,GTC,FixedPrice,ReturnsAccepted,Days_30,Buyer,Columbia MO,65201
Add,eBayMotors,33615,6PK1872 6K1872 6K1873 6PK1873 0139974692 078903137BD,nan6PK1872,Continental Belt 6PK1872,1000,$35.00,,https://i.imgur.com/9oITbPo.jpg,Continental Belt,Continental,GTC,FixedPrice,ReturnsAccepted,Days_30,Buyer,Columbia MO,65201
Add,eBayMotors,33615,6PK1880 6K1880 0119970292,nan6PK1880,Continental Belt 6PK1880,1000,$38.25,,https://i.imgur.com/9oITbPo.jpg,Continental Belt,Continental,GTC,FixedPrice,ReturnsAccepted,Days_30,Buyer,Columbia MO,65201
Add,eBayMotors,33615,6PK1905 6K1905 078903137AJ,nan6PK1905,Continental Belt 6PK1905,1000,$32.62,,https://i.imgur.com/9oITbPo.jpg,Continental Belt,Continental,GTC,FixedPrice,ReturnsAccepted,Days_30,Buyer,Columbia MO,65201
Add,eBayMotors,33615,6PK1980 6K1980 008997739264 12605208,nan6PK1980,Continental Belt 6PK1980,1000,$27.63,,https://i.imgur.com/9oITbPo.jpg,Continental Belt,Continental,GTC,FixedPrice,ReturnsAccepted,Days_30,Buyer,Columbia MO,65201
Add,eBayMotors,33615,6PK2020 6K2020 7B0903137C 93181720,nan6PK2020,Continental Belt 6PK2020,1000,$36.31,,https://i.imgur.com/9oITbPo.jpg,Continental Belt,Continental,GTC,FixedPrice,ReturnsAccepted,Days_30,Buyer,Columbia MO,65201
Add,eBayMotors,33615,6PK2030 6K2030,nan6PK2030,Continental Belt 6PK2030,1000,$47.00,,https://i.imgur.com/9oITbPo.jpg,Continental Belt,Continental,GTC,FixedPrice,ReturnsAccepted,Days_30,Buyer,Columbia MO,65201
Add,eBayMotors,33615,,,Continental Belt,1000,$12.00,,https://i.imgur.com/9oITbPo.jpg,Continental Belt,Continental,GTC,FixedPrice,ReturnsAccepted,Days_30,Buyer,Columbia MO,65201
Add,eBayMotors,33615,04L115264,nan04L115264,Continental Belt 04L115264,1000,$45.00,,https://i.imgur.com/9oITbPo.jpg,Continental Belt,Continental,GTC,FixedPrice,ReturnsAccepted,Days_30,Buyer,Columbia MO,65201
Add,eBayMotors,33615,,,Continental Belt,1000,$12.00,,https://i.imgur.com/9oITbPo.jpg,Continental Belt,Continental,GTC,FixedPrice,ReturnsAccepted,Days_30,Buyer,Columbia MO,65201
Add,eBayMotors,33615,6PK720 6K720 6PK0720 6K0720 99919229050,nan6PK720,Continental Belt 6PK720,1000,$21.00,,https://i.imgur.com/9oITbPo.jpg,Continental Belt,Continental,GTC,FixedPrice,ReturnsAccepted,Days_30,Buyer,Columbia MO,65201
Add,eBayMotors,33615,6PK894 6K894 11287604014,nan6PK894,Continental Belt 6PK894,1000,$17.78,,https://i.imgur.com/9oITbPo.jpg,Continental Belt,Continental,GTC,FixedPrice,ReturnsAccepted,Days_30,Buyer,Columbia MO,65201
Add,eBayMotors,33615,6PK923 6K923 6PK0923 6K0923 028903137AM,nan6PK923,Continental Belt 6PK923,1000,$20.79,,https://i.imgur.com/9oITbPo.jpg,Continental Belt,Continental,GTC,FixedPrice,ReturnsAccepted,Days_30,Buyer,Columbia MO,65201
Add,eBayMotors,33615,6PK976 6K976 6PK0976 6K0976 037903137G,nan6PK976,Continental Belt 6PK976,1000,$20.25,,https://i.imgur.com/9oITbPo.jpg,Continental Belt,Continental,GTC,FixedPrice,ReturnsAccepted,Days_30,Buyer,Columbia MO,65201
Add,eBayMotors,33615,6PK1026 6K1026 04L260849C,nan6PK1026,Continental Belt 6PK1026,1000,$18.08,,https://i.imgur.com/9oITbPo.jpg,Continental Belt,Continental,GTC,FixedPrice,ReturnsAccepted,Days_30,Buyer,Columbia MO,65201
Add,eBayMotors,33615,6PK1033 6K1033 11287518250,nan6PK1033,Continental Belt 6PK1033,1000,$17.85,,https://i.imgur.com/9oITbPo.jpg,Continental Belt,Continental,GTC,FixedPrice,ReturnsAccepted,Days_30,Buyer,Columbia MO,65201
Add,eBayMotors,33615,6PK1045 6K1045 028903137BB,nan6PK1045,Continental Belt 6PK1045,1000,$22.52,,https://i.imgur.com/9oITbPo.jpg,Continental Belt,Continental,GTC,FixedPrice,ReturnsAccepted,Days_30,Buyer,Columbia MO,65201
Add,eBayMotors,33615,6PK1050 6K1050 03G903137B,nan6PK1050,Continental Belt 6PK1050,1000,$25.00,,https://i.imgur.com/9oITbPo.jpg,Continental Belt,Continental,GTC,FixedPrice,ReturnsAccepted,Days_30,Buyer,Columbia MO,65201
Add,eBayMotors,33615,6PK1080 6K1080 11281736719,nan6PK1080,Continental Belt 6PK1080,1000,$20.02,,https://i.imgur.com/9oITbPo.jpg,Continental Belt,Continental,GTC,FixedPrice,ReturnsAccepted,Days_30,Buyer,Columbia MO,65201
Add,eBayMotors,33615,6PK1100 6K1100 06J260849F,nan6PK1100,Continental Belt 6PK1100,1000,$19.53,,https://i.imgur.com/9oITbPo.jpg,Continental Belt,Continental,GTC,FixedPrice,ReturnsAccepted,Days_30,Buyer,Columbia MO,65201
Add,eBayMotors,33615,6PK1120 6K1120 06J260849D,nan6PK1120,Continental Belt 6PK1120,1000,$30.00,,https://i.imgur.com/9oITbPo.jpg,Continental Belt,Continental,GTC,FixedPrice,ReturnsAccepted,Days_30,Buyer,Columbia MO,65201
Add,eBayMotors,33615,13X900 063903137 84013300089 047260849 8339939,nan13X900,Continental Belt 13X900,1000,$19.26,,https://i.imgur.com/9oITbPo.jpg,Continental Belt,Continental,GTC,FixedPrice,ReturnsAccepted,Days_30,Buyer,Columbia MO,65201
Add,eBayMotors,33615,13X910 0059977692,nan13X910,Continental Belt 13X910,1000,$15.20,,https://i.imgur.com/9oITbPo.jpg,Continental Belt,Continental,GTC,FixedPrice,ReturnsAccepted,Days_30,Buyer,Columbia MO,65201
Add,eBayMotors,33615,13X915 034260849,nan13X915,Continental Belt 13X915,1000,$14.38,,https://i.imgur.com/9oITbPo.jpg,Continental Belt,Continental,GTC,FixedPrice,ReturnsAccepted,Days_30,Buyer,Columbia MO,65201
Add,eBayMotors,33615,13X940 13X938 ERC675 979277,nan13X940,Continental Belt 13X940,1000,$12.46,,https://i.imgur.com/9oITbPo.jpg,Continental Belt,Continental,GTC,FixedPrice,ReturnsAccepted,Days_30,Buyer,Columbia MO,65201
Add,eBayMotors,33615,13X950 977731 999 192 306 50,nan13X950,Continental Belt 13X950,1000,$15.08,,https://i.imgur.com/9oITbPo.jpg,Continental Belt,Continental,GTC,FixedPrice,ReturnsAccepted,Days_30,Buyer,Columbia MO,65201
Add,eBayMotors,33615,13X960 0049970592 EAC3878,nan13X960,Continental Belt 13X960,1000,$15.94,,https://i.imgur.com/9oITbPo.jpg,Continental Belt,Continental,GTC,FixedPrice,ReturnsAccepted,Days_30,Buyer,Columbia MO,65201
Add,eBayMotors,33615,13X968 11721312977,nan13X968,Continental Belt 13X968,1000,$12.72,,https://i.imgur.com/9oITbPo.jpg,Continental Belt,Continental,GTC,FixedPrice,ReturnsAccepted,Days_30,Buyer,Columbia MO,65201
Add,eBayMotors,33615,13X980 11231315357,nan13X980,Continental Belt 13X980,1000,$13.10,,https://i.imgur.com/9oITbPo.jpg,Continental Belt,Continental,GTC,FixedPrice,ReturnsAccepted,Days_30,Buyer,Columbia MO,65201
Add,eBayMotors,33615,13X985 611612,nan13X985,Continental Belt 13X985,1000,$22.21,,https://i.imgur.com/9oITbPo.jpg,Continental Belt,Continental,GTC,FixedPrice,ReturnsAccepted,Days_30,Buyer,Columbia MO,65201
Add,eBayMotors,33615,13X992 13X990 035260849C,nan13X992,Continental Belt 13X992,1000,$16.38,,https://i.imgur.com/9oITbPo.jpg,Continental Belt,Continental,GTC,FixedPrice,ReturnsAccepted,Days_30,Buyer,Columbia MO,65201
Add,eBayMotors,33615,13X1000 0039975092 99919228650,nan13X1000,Continental Belt 13X1000,1000,$17.88,,https://i.imgur.com/9oITbPo.jpg,Continental Belt,Continental,GTC,FixedPrice,ReturnsAccepted,Days_30,Buyer,Columbia MO,65201
Add,eBayMotors,33615,13X1025 99919212050,nan13X1025,Continental Belt 13X1025,1000,$17.46,,https://i.imgur.com/9oITbPo.jpg,Continental Belt,Continental,GTC,FixedPrice,ReturnsAccepted,Days_30,Buyer,Columbia MO,65201
Add,eBayMotors,33615,13X1030 0059976992,nan13X1030,Continental Belt 13X1030,1000,$16.60,,https://i.imgur.com/9oITbPo.jpg,Continental Belt,Continental,GTC,FixedPrice,ReturnsAccepted,Days_30,Buyer,Columbia MO,65201
Add,eBayMotors,33615,13X1035 4410B 4410 055260849E,nan13X1035,Continental Belt 13X1035,1000,$13.48,,https://i.imgur.com/9oITbPo.jpg,Continental Belt,Continental,GTC,FixedPrice,ReturnsAccepted,Days_30,Buyer,Columbia MO,65201
Add,eBayMotors,33615,13X1040 11221706788 99919216051,nan13X1040,Continental Belt 13X1040,1000,$17.76,,https://i.imgur.com/9oITbPo.jpg,Continental Belt,Continental,GTC,FixedPrice,ReturnsAccepted,Days_30,Buyer,Columbia MO,65201
Add,eBayMotors,33615,13X1050 069145271,nan13X1050,Continental Belt 13X1050,1000,$15.78,,https://i.imgur.com/9oITbPo.jpg,Continental Belt,Continental,GTC,FixedPrice,ReturnsAccepted,Days_30,Buyer,Columbia MO,65201
Add,eBayMotors,33615,13X1060 973490,nan13X1060,Continental Belt 13X1060,1000,$19.64,,https://i.imgur.com/9oITbPo.jpg,Continental Belt,Continental,GTC,FixedPrice,ReturnsAccepted,Days_30,Buyer,Columbia MO,65201
Add,eBayMotors,33615,13X1075 978710 99919214650,nan13X1075,Continental Belt 13X1075,1000,$16.64,,https://i.imgur.com/9oITbPo.jpg,Continental Belt,Continental,GTC,FixedPrice,ReturnsAccepted,Days_30,Buyer,Columbia MO,65201
Add,eBayMotors,33615,13X1085 12311469263 99919236350,nan13X1085,Continental Belt 13X1085,1000,$17.68,,https://i.imgur.com/9oITbPo.jpg,Continental Belt,Continental,GTC,FixedPrice,ReturnsAccepted,Days_30,Buyer,Columbia MO,65201
Add,eBayMotors,33615,13X1100 90019202750,nan13X1100,Continental Belt 13X1100,1000,$17.22,,https://i.imgur.com/9oITbPo.jpg,Continental Belt,Continental,GTC,FixedPrice,ReturnsAccepted,Days_30,Buyer,Columbia MO,65201
Add,eBayMotors,33615,13X1155 9919225450,nan13X1155,Continental Belt 13X1155,1000,$24.00,,https://i.imgur.com/9oITbPo.jpg,Continental Belt,Continental,GTC,FixedPrice,ReturnsAccepted,Days_30,Buyer,Columbia MO,65201
Add,eBayMotors,33615,13X1184 969992,nan13X1184,Continental Belt 13X1184,1000,$19.99,,https://i.imgur.com/9oITbPo.jpg,Continental Belt,Continental,GTC,FixedPrice,ReturnsAccepted,Days_30,Buyer,Columbia MO,65201
Add,eBayMotors,33615,13X1050 069145271,nan13X1050,Continental Belt 13X1050,1000,$15.78,,https://i.imgur.com/9oITbPo.jpg,Continental Belt,Continental,GTC,FixedPrice,ReturnsAccepted,Days_30,Buyer,Columbia MO,65201
Add,eBayMotors,33615,13X1275 EAC3850 9382383,nan13X1275,Continental Belt 13X1275,1000,$20.11,,https://i.imgur.com/9oITbPo.jpg,Continental Belt,Continental,GTC,FixedPrice,ReturnsAccepted,Days_30,Buyer,Columbia MO,65201
Add,eBayMotors,33615,13X1350 0099976292,nan13X1350,Continental Belt 13X1350,1000,$19.98,,https://i.imgur.com/9oITbPo.jpg,Continental Belt,Continental,GTC,FixedPrice,ReturnsAccepted,Days_30,Buyer,Columbia MO,65201
