Part Number,Part Name,Vehicle Fitment,Price
MB-000-820-81-10,Power Window Switch (Right Front),Mercedes W107 W123 W201 (1980-1993),37.50
MB-000-820-82-10,Window Switch with Lockout,Mercedes W210 E-Class (1994-2002),26.70
MB-112-200-14-01,Water Pump (with Parts Kit),Mercedes M104 M111 Engines (1986-1999),180.00
MB-124-460-01-19,Idler Arm Bushing Kit,Mercedes W124 W126 (1985-1995),29.40
MB-124-820-17-75,Door Lock Actuator Motor,Mercedes W124 (1984-2002),114.00
MB-124-820-46-10,Interior Rearview Mirror,Mercedes W124 (1990-1995),24.99
MB-124-820-89-10,Window Switch,Mercedes W124 (1985-1995),49.50
MB-124-880-02-20,Hood Release Handle,Mercedes W124 (1985-1995),21.90
MB-124-880-03-20,Bonnet Release Catch,Mercedes W124 W126 (1985-1995),25.80
MB-126-460-08-19,Intermediate Lever (Idler Arm),Mercedes W126 S-Class (1986-1991),40.50
MB-140-821-29-51,Switch (Various Functions),Mercedes W140 S-Class (1984-1999),58.50
MB-163-680-98-39,Ornamental Cover (Lid),Mercedes W163 ML-Class (2002-2005),68.40
MB-201-270-02-98,Sieve Insert/Filter,Mercedes W201 190 Series (1983-1993),34.50
MB-201-270-03-73,Cable (Left),Mercedes W129 SL (1989-2001),43.50
MB-201-460-00-50,Steering Coupling,Mercedes W201 (1983-1993),87.90
MB-203-33-09-14,Control Arm Bushing,Mercedes W203 C-Class (2000-2007),43.50
MB-204-333-11-14,Hydromount (Upper Control Arm),Mercedes W204 C-Class (2005-2020),52.50
MB-210-820-01-56,Front Fog Lamp Assembly,Mercedes W210 E-Class (1994-2002),215.70
MB-210-820-02-56,License Plate Lamp,Mercedes W210 E-Class (1996-2002),34.50
MB-210-826-07-82,Tail Light Socket,Mercedes W210 E430 (1998-2002),13.71
MB-A 000-542-38-25,Mercedes A-Class W168 Headlight Ballast Xenon,Mercedes A-Class W168 Headlight Ballast Xenon,135.00
MB-A 000-821-15-52,Mercedes A-Class W168 Contact Switch Turn Signal,Mercedes A-Class W168 Contact Switch Turn Signal,67.50
MB-A 000-826-12-59,Mercedes A-Class W168 Interior Trim Panel,Mercedes A-Class W168 Interior Trim Panel,40.50
MB-A 001-821-49-51,Mercedes Door Mirror Glass with Heating,Mercedes Door Mirror Glass with Heating,76.50
MB-A 001-826-53-82,Mercedes A-Class W168 Interior Socket Outlet,Mercedes A-Class W168 Interior Socket Outlet,31.50
MB-A 163-820-49-61-64,Mercedes M-Class W163 Headlight Assembly Left,Mercedes M-Class W163 Headlight Assembly Left,220.50
MB-A 163-860-04-69-05-9051,Mercedes M-Class W163 Exhaust Clamp Bracket,Mercedes M-Class W163 Exhaust Clamp Bracket,22.50
MB-A 163-885-07-81,Mercedes M-Class W163 Fuel Line Hose,Mercedes M-Class W163 Fuel Line Hose,49.50
MB-A 164-320-11-31,Mercedes W164 ML Rear Shock Absorber,Mercedes W164 ML Rear Shock Absorber,112.50
MB-A 164-581004649040,Mercedes W164 ML Air Suspension Strut Front,Mercedes W164 ML Air Suspension Strut Front,346.50
MB-A 164-740-03-35,Mercedes W164 ML Air Suspension Compressor Pump,Mercedes W164 ML Air Suspension Compressor Pump,405.00
MB-A 164-810-14-64-9040,Mercedes W164 ML Interior Mirror Housing,Mercedes W164 ML Interior Mirror Housing,148.50
MB-A 164-820-1585-7E94,Mercedes W164 ML Interior Trim Panel,Mercedes W164 ML Interior Trim Panel,67.50
MB-A 164-820-50-61-64,Mercedes W164 ML Interior Trim Cover,Mercedes W164 ML Interior Trim Cover,58.50
MB-A 166-440-70-13,Mercedes W166 ML GL Suspension Linkage,Mercedes W166 ML GL Suspension Linkage,85.50
MB-A 171-830-01-85-05,Mercedes SLK R171 Climate Control Panel AC,Mercedes SLK R171 Climate Control Panel AC,166.50
MB-A 202-720-35-35,Mercedes W202 C-Class Radiator Cooling Fan,Mercedes W202 C-Class Radiator Cooling Fan,148.50
MB-A 202-730-07-35,Mercedes W202 C-Class Viscous Fan Clutch,Mercedes W202 C-Class Viscous Fan Clutch,130.50
MB-A 202-800-03-78,Mercedes W202 C-Class Power Antenna Mast,Mercedes W202 C-Class Power Antenna Mast,49.50
MB-A 202-860-10-47,Mercedes W202 C-Class Part Interior,Mercedes W202 C-Class Part Interior,40.50
MB-A 203-440-72-07,Wiring Harness (likely variant),2002-2007 Mercedes-Benz C-Class (W203),175.50
MB-A 203-698-19-98,Upper Rocker Panel Molding Seal,2001-2007 Mercedes-Benz C-Class,34.50
MB-A 203-811-04-60-9040,Mirror Housing,2001-2005 Mercedes-Benz C-Class,157.80
MB-A 203-820-07-21,Turn Signal Lamp (Door Mirror),2001-2007 Mercedes-Benz C-Class,76.50
MB-A 203-885-18-81,Grille/Bumper Cover,2001-2007 Mercedes-Benz C-Class,120.00
MB-A 204-820-10-56,License Plate Light,2006-2015 Mercedes-Benz GLK/C-Class,28.50
MB-A 204-885-17-74,Trim Molding,2006-2015 Mercedes-Benz,104.10
MB-A 208-760-02-61,Interior Door Handle,1998-2003 Mercedes-Benz CLK,45.00
MB-A 208-820-70-01 -7D43,Turn Signal Lamp,1998-2003 Mercedes-Benz CLK,99.00
MB-A 210-820-01-56,Front Fog Lamp Assembly,1994-2002 Mercedes-Benz E-Class,223.20
MB-A 210-810-08-16,Outside Rearview Mirror (related),1996-2002 Mercedes-Benz E-Class,147.00
MB-A 210-810-19-17-7D43,Door Mirror Assembly,1996-2002 Mercedes-Benz E-Class,274.50
MB-A 210-811-01-60-7721,Mirror Housing,1996-2002 Mercedes-Benz E-Class,162.00
MB-A 210-820-20-75,Antenna,2000-2003 Mercedes-Benz CLK/E-Class,67.50
MB-A 210-820-55-02,Speaker,2006-2018 Mercedes-Benz C-Class/E-Class,157.80
MB-A 210-821-42-51,HVAC Blower Motor Resistor,1994-2002 Mercedes-Benz E-Class,216.30
MB-A 210-832-00-15,Piping/AC Hose,1996-2002 Mercedes-Benz E-Class,87.00
MB-A 210-860-03-08,Seat Belt Assembly,1996-2002 Mercedes-Benz E-Class,144.00
MB-A 210-811-01-60-9040,Mirror Housing Cover,1996-2002 Mercedes-Benz E-Class,166.50
MB-A 211-826-02-90-64,Socket/Taillight Bulb Holder,1995-2005 Mercedes-Benz E-Class,36.00
MB-A 212-885-05-74,Trim Molding (Possible variant),Mercedes E-Class (2006-2016),74.10
MB-A 219-820-02-64,Switch,Mercedes E-Class (2006-2011),41.10
MB-A 220-270-06-12,Control Unit / Controller,Mercedes S-Class (2000-2006),405.00
MB-A 220-271-00-68,Transmission Pan Bolt Retainer,Mercedes S-Class (2000-2006),13.50
MB-A 220-810-10-64-9197,Mercedes S-Class (2000-2006),,165.00
MB-A 220-810-10-64-9999,Mercedes S-Class (2000-2006),,407.10
MB-A 220-820-05-21,Turn Signal Lamp,Mercedes S-Class (2000-2006),114.00
MB-A 220-820-12-66,Tail Lamp Lens,Mercedes S-Class (2000-2006),240.88
MB-A 220-980-10-64-05,Telescoping Spring,Mercedes S-Class (2000-2006),77.40
MB-A 221-270-12-12,Oil Pan,Mercedes S-Class (2006-2013),258.00
MB-A 230-810-05-10,Sun Visor,Mercedes S-Class (2003-2013),181.50
MB-A 230-810-06-10,Sun Visor,Mercedes S-Class (2003-2013),192.00
MB-A 270-096-00-80,Intake Manifold Gasket,Mercedes C300 (2015-2021) E300 (2017-2019) Sprinter 2500 (2019-2023),1.85
MB-A 276-018-00-80,Bleed Line (Likely variant 276-018-01-12),Mercedes (2015-2025),69.00
MB-A 463-810-02-86,Sun Visor,Mercedes G-Class (2002-2025),232.80
MB-A 463-810-51-16-9744,Door Mirror Right,Mercedes G-Class W463 (1990-2018),175.00
MB-A 463-810-70-16-9744,Door Mirror Left,Mercedes G-Class W463 (1990-2018),175.00
MB-BQ 6-54-0017,Fuel Level Sensor,Mercedes C-Class/W203 (2000-2007),95.00
MB-N 000000-003661,Transmission Shift Linkage,Mercedes W202/W210/W220 (1993-2005),15.00
MB-Q 6-82-0729,Interior Trim Bracket,Various Mercedes Models,40.00
