Action,Site ID,Category ID,Custom Label,Title,Condition ID,Price,Quantity,Item Photo URL,Description
Add,eBayMotors,33561,MB-000-820-81-10,Mercedes-Benz 000-820-81-10 Power Window Switch Front Right,1000,37.50,1,https://i.imgur.com/skSBLgx.jpeg|https://i.imgur.com/Y28k8UW.jpeg,"Fits: Mercedes W107 W123 W201 (1980-1993)<br>OEM Part Number: 000-820-81-10<br>Power Window Switch - Front Right<br>Condition: New<br>Free shipping."
Add,eBayMotors,33561,MB-000-820-82-10,Mercedes-Benz 000-820-82-10 Window Switch with Lockout,1000,26.70,1,https://i.imgur.com/XQ3LtIL.jpeg|https://i.imgur.com/Hju9tmx.jpeg,"Fits: Mercedes W210 E-Class (1994-2002)<br>OEM Part Number: 000-820-82-10<br>Window Switch with Lockout<br>Condition: New<br>Free shipping."
Add,eBayMotors,33561,MB-112-200-14-01,Mercedes-Benz 112-200-14-01 Water Pump with Parts Kit,1000,180.00,1,https://i.imgur.com/AnZAK84.jpeg|https://i.imgur.com/4onLV3G.jpeg|https://i.imgur.com/Af3S8NA.jpeg,"Fits: Mercedes M104 M111 Engines (1986-1999)<br>OEM Part Number: 112-200-14-01<br>Water Pump with Parts Kit<br>Condition: New<br>Free shipping."
Add,eBayMotors,33561,MB-124-460-01-19,Mercedes-Benz 124-460-01-19 Idler Arm Bushing Kit,1000,29.40,1,https://i.imgur.com/GNXdhpn.jpeg,"Fits: Mercedes W124 W126 (1985-1995)<br>OEM Part Number: 124-460-01-19<br>Idler Arm Bushing Kit<br>Condition: New<br>Free shipping."
Add,eBayMotors,33561,MB-124-820-17-75,Mercedes-Benz 124-820-17-75 Antenna Assembly Hirschmann,1000,114.00,1,https://i.imgur.com/tKAJ2tP.jpeg|https://i.imgur.com/04o5hxr.jpeg,"Fits: Mercedes W124 (1984-2002)<br>OEM Part Number: 124-820-17-75<br>Hirschmann Antenna Assembly<br>Condition: New<br>Free shipping."
Add,eBayMotors,33561,MB-124-820-46-10,Mercedes-Benz 124-820-46-10 Power Window Switch,1000,24.99,1,https://i.imgur.com/xdr20fJ.jpeg|https://i.imgur.com/bLQgign.jpeg|https://i.imgur.com/HLWhRJ6.jpeg,"Fits: Mercedes W124 W126 S-Class (1985-1995)<br>OEM Part Number: 124-820-46-10<br>Power Window Switch<br>Condition: New<br>Free shipping."
Add,eBayMotors,33561,MB-124-820-89-10,Mercedes-Benz 124-820-89-10 Window Switch Front,1000,49.50,1,https://i.imgur.com/qEY0vdu.jpeg|https://i.imgur.com/FpEg2SC.jpeg,"Fits: Mercedes W124 W126 W201 (1985-1995)<br>OEM Part Number: 124-820-89-10<br>Window Switch - Front<br>Condition: New<br>Free shipping."
Add,eBayMotors,33561,MB-124-880-02-20,Mercedes-Benz 124-880-02-20 Hood Release Handle,1000,21.90,1,https://i.imgur.com/6AEj0g2.jpeg|https://i.imgur.com/wt9jRU6.jpeg,"Fits: Mercedes W124 W126 (1985-1995)<br>OEM Part Number: 124-880-02-20<br>Hood Release Handle<br>Condition: New<br>Free shipping."
Add,eBayMotors,33561,MB-124-880-03-20,Mercedes-Benz 124-880-03-20 Bonnet Release Catch,1000,25.80,1,https://i.imgur.com/3kWv63t.jpeg|https://i.imgur.com/pERoryq.jpeg,"Fits: Mercedes W124 W126 (1985-1995)<br>OEM Part Number: 124-880-03-20<br>Bonnet Release Catch<br>Condition: New<br>Free shipping."
Add,eBayMotors,33561,MB-126-460-08-19,Mercedes-Benz 126-460-08-19 Idler Arm,1000,40.50,1,https://i.imgur.com/Ds6d1Qv.jpeg|https://i.imgur.com/A7bZvOK.jpeg,"Fits: Mercedes W126 S-Class (1986-1991)<br>OEM Part Number: 126-460-08-19<br>Idler Arm<br>Condition: New<br>Free shipping."
Add,eBayMotors,33561,MB-140-821-29-51,Mercedes-Benz 140-821-29-51 Switch,1000,58.50,1,https://i.imgur.com/hmBY51k.jpeg|https://i.imgur.com/4nGjnPY.jpeg|https://i.imgur.com/VahnT2D.jpeg,"Fits: Mercedes W140 S-Class (1984-1999)<br>OEM Part Number: 140-821-29-51<br>Switch<br>Condition: New<br>Free shipping."
Add,eBayMotors,33561,MB-163-680-98-39 9B96,Mercedes-Benz 163-680-98-39-9B96 Ornamental Cover Lid,1000,68.40,1,https://i.imgur.com/m8A8VfE.jpeg|https://i.imgur.com/Z5Uw5U9.jpeg,"Fits: Mercedes W163 ML-Class (2002-2005)<br>OEM Part Number: 163-680-98-39-9B96<br>Ornamental Cover (Lid)<br>Condition: New<br>Free shipping."
Add,eBayMotors,33561,MB-201-270-02-98,Mercedes-Benz 201-270-02-98 Sieve Insert,1000,34.50,1,https://i.imgur.com/mmhw8w8.jpeg,"Fits: Mercedes W201 190 Series (1983-1993)<br>OEM Part Number: 201-270-02-98<br>Sieve Insert<br>Condition: New<br>Free shipping."
Add,eBayMotors,33561,MB-201-270-03-73,Mercedes-Benz 201-270-03-73 Cable Left,1000,43.50,1,https://i.imgur.com/PMcmdsn.jpeg|https://i.imgur.com/aP5Ltbi.jpeg|https://i.imgur.com/6kqGLdo.jpeg,"Fits: Mercedes W129 SL (1989-2001)<br>OEM Part Number: 201-270-03-73<br>Cable (Left)<br>Condition: New<br>Free shipping."
Add,eBayMotors,33561,MB-201-460-00-50,Mercedes-Benz 201-460-00-50 Steering Coupling,1000,87.90,1,https://i.imgur.com/VHkcU5h.jpeg|https://i.imgur.com/oKmukLB.jpeg,"Fits: Mercedes W201 190 Series (1983-1993)<br>OEM Part Number: 201-460-00-50<br>Steering Coupling<br>Condition: New<br>Free shipping."
Add,eBayMotors,33561,MB-203-33-09-14,Mercedes-Benz 203-330-09-14 Control Arm Bushing,1000,43.50,1,https://i.imgur.com/8dQeDqP.jpeg,"Fits: Mercedes W203 C-Class (2000-2007)<br>OEM Part Number: 203-330-09-14<br>Control Arm Bushing<br>Condition: New<br>Free shipping."
Add,eBayMotors,33561,MB-204-333-11-14,Mercedes-Benz 204-333-11-14 Hydromount,1000,52.50,1,https://i.imgur.com/pExsawg.jpeg|https://i.imgur.com/jM26W2p.jpeg,"Fits: Mercedes W204 C-Class (2005-2020)<br>OEM Part Number: 204-333-11-14<br>Hydromount<br>Condition: New<br>Free shipping."
Add,eBayMotors,33561,MB-210-820-01-56,Mercedes-Benz 210-820-01-56 Front Fog Lamp Assembly,1000,215.70,1,https://i.imgur.com/CnruTPL.jpeg,"Fits: Mercedes W210 E-Class (1994-2002)<br>OEM Part Number: 210-820-01-56<br>Front Fog Lamp Assembly<br>Condition: New<br>Free shipping."
Add,eBayMotors,33561,MB-210-820-02-56,Mercedes-Benz 210-820-02-56 License Plate Lamp,1000,34.50,1,https://i.imgur.com/jzVKjOh.jpeg|https://i.imgur.com/DC1Shk9.jpeg,"Fits: Mercedes W210 E-Class (1996-2002)<br>OEM Part Number: 210-820-02-56<br>License Plate Lamp<br>Condition: New<br>Free shipping."
Add,eBayMotors,33561,MB-210-826-07-82,Mercedes-Benz 210-826-07-82 Tail Light Socket,1000,13.71,1,https://i.imgur.com/okeCMah.jpeg|https://i.imgur.com/c5i7xe7.jpeg,"Fits: Mercedes W210 E430 (1998-2002)<br>OEM Part Number: 210-826-07-82<br>Tail Light Socket<br>Condition: New<br>Free shipping."
Add,eBayMotors,33561,MB-A 000-542-38-25,Mercedes-Benz A 000-542-38-25 Potentiometer,1000,135.00,1,https://i.imgur.com/P2wugTa.jpeg|https://i.imgur.com/fzFK3AD.jpeg|https://i.imgur.com/VzckqJb.jpeg,"Fits: Mercedes A-Class W168 (1998-2004)<br>OEM Part Number: A 000-542-38-25<br>Potentiometer<br>Condition: New<br>Free shipping."
Add,eBayMotors,33561,MB-A 000-821-15-52,Mercedes-Benz A 000-821-15-52 Contact Switch,1000,67.50,1,https://i.imgur.com/Bh9LBzG.jpeg,"Fits: Mercedes W107 W108 W109 W110 W111 W112 W114 W115 W116 (1954-1989)<br>OEM Part Number: A 000-821-15-52<br>Contact Switch<br>Condition: New<br>Free shipping."
Add,eBayMotors,33561,MB-A 000-826-12-59,Mercedes-Benz A 000-826-12-59 Interior Trim Panel,1000,40.50,1,https://i.imgur.com/Rzuynx0.jpeg|https://i.imgur.com/yyq2qFn.jpeg,"Fits: Mercedes A-Class W168 (1998-2004)<br>OEM Part Number: A 000-826-12-59<br>Interior Trim Panel<br>Condition: New<br>Free shipping."
Add,eBayMotors,33561,MB-A 001-821-49-51,Mercedes-Benz A 001-821-49-51 Power Window Switch with Lockout,1000,76.50,1,https://i.imgur.com/SIG5phK.jpeg|https://i.imgur.com/SsFkU9m.jpeg,"Fits: Mercedes W107 W108 W112 W114 W115 W116 W123 (1971-1993)<br>OEM Part Number: A 001-821-49-51<br>Power Window Switch Double with Lockout<br>Condition: New<br>Free shipping."
Add,eBayMotors,33561,MB-A 001-826-53-82,Mercedes-Benz A 001-826-53-82 Interior Socket Outlet,1000,31.50,1,https://i.imgur.com/XCf0Ujc.jpeg,"Fits: Mercedes A-Class W168 (1998-2004)<br>OEM Part Number: A 001-826-53-82<br>Interior Socket Outlet<br>Condition: New<br>Free shipping."
Add,eBayMotors,33561,MB-A 163-820-49-61-64,Mercedes-Benz A 163-820-49-61-64 Headlight Assembly Left,1000,220.50,1,https://i.imgur.com/lGi7WZs.jpeg|https://i.imgur.com/xAzVsLp.jpeg,"Fits: Mercedes W163 ML-Class (1998-2003)<br>OEM Part Number: A 163-820-49-61-64<br>Headlight Assembly - Left<br>Condition: New<br>Free shipping."
Add,eBayMotors,33561,MB-A 163-860-04-69-05-9051,Mercedes-Benz A 163-860-04-69-05-9051 Exhaust Clamp Bracket,1000,22.50,1,https://i.imgur.com/5aLIgp2.jpeg|https://i.imgur.com/JSlMjks.jpeg,"Fits: Mercedes W163 ML-Class (1998-2005)<br>OEM Part Number: A 163-860-04-69-05-9051<br>Exhaust Clamp Bracket<br>Condition: New<br>Free shipping."
Add,eBayMotors,33561,MB-A 163-885-07-81,Mercedes-Benz A 163-885-07-81 Fuel Line Hose,1000,49.50,1,https://i.imgur.com/Pkpta7I.jpeg|https://i.imgur.com/MeucCAC.jpeg,"Fits: Mercedes W163 ML-Class (1998-2005)<br>OEM Part Number: A 163-885-07-81<br>Fuel Line Hose<br>Condition: New<br>Free shipping."
Add,eBayMotors,33561,MB-A 164-320-11-31,Mercedes-Benz A 164-320-11-31 Shock Absorber Rear,1000,112.50,1,https://i.imgur.com/9W2hQAX.jpeg|https://i.imgur.com/P4lKwNp.jpeg,"Fits: Mercedes W164 ML-Class (2005-2011)<br>OEM Part Number: A 164-320-11-31<br>Shock Absorber - Rear<br>Condition: New<br>Free shipping."
Add,eBayMotors,33561,MB-A 164-581004649040,Mercedes-Benz A 164-581-00-46-49-04-0 Air Suspension Strut Front,1000,346.50,1,https://i.imgur.com/epVKPUM.jpeg|https://i.imgur.com/tiFJ5jv.jpeg,"Fits: Mercedes W164 ML-Class (2005-2011)<br>OEM Part Number: A 164-581-00-46-49-04-0<br>Air Suspension Strut - Front<br>Condition: New<br>Free shipping."
Add,eBayMotors,33561,MB-A 164-740-03-35,Mercedes-Benz A 164-740-03-35 Door Lock,1000,405.00,1,https://i.imgur.com/lSh8h7w.jpeg|https://i.imgur.com/2FgwOBU.jpeg|https://i.imgur.com/JxLo8MG.jpeg,"Fits: Mercedes W164 ML-Class (2006-2012)<br>OEM Part Number: A 164-740-03-35<br>Door Lock<br>Condition: New<br>Free shipping."
Add,eBayMotors,33561,MB-A 164-810-14-64-9040,Mercedes-Benz A 164-810-14-64-9040 Interior Mirror Housing,1000,148.50,1,https://i.imgur.com/3zEWzwE.jpeg,"Fits: Mercedes W164 ML-Class (2005-2011)<br>OEM Part Number: A 164-810-14-64-9040<br>Interior Mirror Housing<br>Condition: New<br>Free shipping."
Add,eBayMotors,33561,MB-A 164-820-1585-7E94,Mercedes-Benz A 164-820-15-85-7E94 Interior Trim Panel,1000,67.50,1,https://i.imgur.com/9ZY4Lh9.jpeg|https://i.imgur.com/TGWZN6Z.jpeg|https://i.imgur.com/jtNx9DX.jpeg,"Fits: Mercedes W164 ML-Class (2005-2011)<br>OEM Part Number: A 164-820-15-85-7E94<br>Interior Trim Panel<br>Condition: New<br>Free shipping."
Add,eBayMotors,33561,MB-A 164-820-50-61-64,Mercedes-Benz A 164-820-50-61-64 Interior Trim Cover,1000,58.50,1,https://i.imgur.com/jaKnrfA.jpeg|https://i.imgur.com/zmngzKz.jpeg|https://i.imgur.com/EofpCHx.jpeg,"Fits: Mercedes W164 ML-Class (2005-2011)<br>OEM Part Number: A 164-820-50-61-64<br>Interior Trim Cover<br>Condition: New<br>Free shipping."
Add,eBayMotors,33561,MB-A 166-440-70-13,Mercedes-Benz A 166-440-70-13 Suspension Linkage,1000,85.50,1,https://i.imgur.com/oaL46vW.jpeg,"Fits: Mercedes W166 ML GL-Class (2012-2019)<br>OEM Part Number: A 166-440-70-13<br>Suspension Linkage<br>Condition: New<br>Free shipping."
Add,eBayMotors,33561,MB-A 171-830-01-85-05,Mercedes-Benz A 171-830-01-85-05 Climate Control Panel AC,1000,166.50,1,https://i.imgur.com/EZraHhz.jpeg|https://i.imgur.com/EPyQ8r5.jpeg|https://i.imgur.com/Pc79DSy.jpeg,"Fits: Mercedes R171 SLK-Class (2004-2011)<br>OEM Part Number: A 171-830-01-85-05<br>Climate Control Panel AC<br>Condition: New<br>Free shipping."
Add,eBayMotors,33561,MB-A 202-720-35-35,Mercedes-Benz A 202-720-35-35 Door Lock Mechanism,1000,148.50,1,https://i.imgur.com/HDZAxAc.jpeg|https://i.imgur.com/70FLvpa.jpeg|https://i.imgur.com/gw6afCB.jpeg,"Fits: Mercedes W202 C-Class (1994-2000)<br>OEM Part Number: A 202-720-35-35<br>Door Lock Mechanism<br>Condition: New<br>Free shipping."
Add,eBayMotors,33561,MB-A 202-730-07-35,Mercedes-Benz A 202-730-07-35 Door Lock,1000,130.50,1,https://i.imgur.com/TkURiyp.jpeg|https://i.imgur.com/443qjkg.jpeg|https://i.imgur.com/6IfZqET.jpeg,"Fits: Mercedes W202 C-Class (1994-2000)<br>OEM Part Number: A 202-730-07-35<br>Door Lock<br>Condition: New<br>Free shipping."
Add,eBayMotors,33561,MB-A 202-800-03-78,Mercedes-Benz A 202-800-03-78 Power Antenna Mast,1000,49.50,1,https://i.imgur.com/sHpuvuH.jpeg|https://i.imgur.com/5D3T2rA.jpeg,"Fits: Mercedes W202 C-Class (1994-2000)<br>OEM Part Number: A 202-800-03-78<br>Power Antenna Mast<br>Condition: New<br>Free shipping."
Add,eBayMotors,33561,MB-A 202-860-1 0-47,Mercedes-Benz A 202-860-10-47 Interior Trim Panel,1000,40.50,1,https://i.imgur.com/whXfOP7.jpeg|https://i.imgur.com/h5gCQ31.jpeg,"Fits: Mercedes W202 C-Class (1994-2000)<br>OEM Part Number: A 202-860-10-47<br>Interior Trim Panel<br>Condition: New<br>Free shipping."
Add,eBayMotors,33561,MB-A 203-440-72-07,Mercedes-Benz A 203-440-72-07 Wiring Harness,1000,175.50,1,https://i.imgur.com/o2jpFE9.jpeg|https://i.imgur.com/qpVxDiZ.jpeg,"Fits: Mercedes W203 C-Class (2000-2007)<br>OEM Part Number: A 203-440-72-07<br>Wiring Harness<br>Condition: New<br>Free shipping."
Add,eBayMotors,33561,MB-A 203-698-19-98,Mercedes-Benz A 203-698-19-98 Rocker Panel Molding Seal,1000,34.50,1,https://i.imgur.com/pikeb02.jpeg|https://i.imgur.com/0aeF67e.jpeg|https://i.imgur.com/2i7MzCm.jpeg,"Fits: Mercedes W203 C-Class (2000-2007)<br>OEM Part Number: A 203-698-19-98<br>Upper Rocker Panel Molding Seal<br>Condition: New<br>Free shipping."
Add,eBayMotors,33561,MB-A 203-811-04-60-9040,Mercedes-Benz A 203-811-04-60-9040 Mirror Housing,1000,157.80,1,https://i.imgur.com/7tdeqUm.jpeg|https://i.imgur.com/XbhEC4o.jpeg|https://i.imgur.com/wQZjG1t.jpeg,"Fits: Mercedes W203 C-Class (2000-2007)<br>OEM Part Number: A 203-811-04-60-9040<br>Mirror Housing<br>Condition: New<br>Free shipping."
Add,eBayMotors,33561,MB-A 203-820-07-21,Mercedes-Benz A 203-820-07-21 Door Mirror Turn Signal Lamp,1000,76.50,1,https://i.imgur.com/6WFwNgD.jpeg|https://i.imgur.com/G0caGH1.jpeg|https://i.imgur.com/GQL5kjZ.jpeg,"Fits: Mercedes W203 C-Class (2000-2007)<br>OEM Part Number: A 203-820-07-21<br>Turn Signal Lamp (Door Mirror)<br>Condition: New<br>Free shipping."
Add,eBayMotors,33561,MB-A 203-885-18-81,Mercedes-Benz A 203-885-18-81 Grille Bumper Cover,1000,120.00,1,https://i.imgur.com/uVYDuUj.jpeg|https://i.imgur.com/r4n3C8A.jpeg|https://i.imgur.com/QZIfUea.jpeg,"Fits: Mercedes W203 C-Class (2000-2007)<br>OEM Part Number: A 203-885-18-81<br>Grille/Bumper Cover<br>Condition: New<br>Free shipping."
Add,eBayMotors,33561,MB-A 204-820-10-56,Mercedes-Benz A 204-820-10-56 License Plate Light,1000,28.50,1,https://i.imgur.com/q62jtUn.jpeg|https://i.imgur.com/BZk7OJN.jpeg,"Fits: Mercedes W204 C-Class (2007-2014)<br>OEM Part Number: A 204-820-10-56<br>License Plate Light<br>Condition: New<br>Free shipping."
Add,eBayMotors,33561,MB-A 204-885-17-74,Mercedes-Benz A 204-885-17-74 Trim Molding,1000,104.10,1,https://i.imgur.com/ILRqyrd.jpeg|https://i.imgur.com/AN0ZLEQ.jpeg,"Fits: Mercedes W204 C-Class (2007-2014)<br>OEM Part Number: A 204-885-17-74<br>Trim Molding<br>Condition: New<br>Free shipping."
Add,eBayMotors,33561,MB-A 208-760-02-61,Mercedes-Benz A 208-760-02-61 Interior Door Handle,1000,45.00,1,https://i.imgur.com/uMmLahm.jpeg|https://i.imgur.com/Q2I8CPX.jpeg|https://i.imgur.com/PrR6bg9.jpeg,"Fits: Mercedes R209 CLK-Class (1998-2003)<br>OEM Part Number: A 208-760-02-61<br>Interior Door Handle<br>Condition: New<br>Free shipping."
Add,eBayMotors,33561,MB-A 208-820-70-01 -7D43,Mercedes-Benz A 208-820-70-01-7D43 Turn Signal Lamp,1000,99.00,1,https://i.imgur.com/mDx7ih9.jpeg|https://i.imgur.com/zgC8XWM.jpeg|https://i.imgur.com/68cvhVV.jpeg,"Fits: Mercedes R209 CLK-Class (1998-2003)<br>OEM Part Number: A 208-820-70-01-7D43<br>Turn Signal Lamp<br>Condition: New<br>Free shipping."
Add,eBayMotors,33561,MB-A 210 820-01-56,Mercedes-Benz A 210-820-01-56 Fog Light Housing Left,1000,36.00,1,https://i.imgur.com/WTwxyQ7.jpeg|https://i.imgur.com/zq1Tf4s.jpeg,"Fits: Mercedes W210 E-Class (1995-2002)<br>OEM Part Number: A 210-820-01-56<br>Fog Light Housing - Left<br>Condition: New<br>Free shipping."
Add,eBayMotors,33561,MB-A 210-810-08-16,Mercedes-Benz A 210-810-08-16 Outside Rearview Mirror,1000,147.00,1,https://i.imgur.com/Cv5Ifk8.jpeg|https://i.imgur.com/0urYP9e.jpeg|https://i.imgur.com/uaG8abs.jpeg,"Fits: Mercedes W210 E-Class (1996-2002)<br>OEM Part Number: A 210-810-08-16<br>Outside Rearview Mirror<br>Condition: New<br>Free shipping."
Add,eBayMotors,33561,MB-A 210-810-19-17-7D43,Mercedes-Benz A 210-810-19-17-7D43 Door Mirror Assembly,1000,274.50,1,https://i.imgur.com/v1cxx5o.jpeg|https://i.imgur.com/m0bLzgr.jpeg|https://i.imgur.com/C6rJUS8.jpeg,"Fits: Mercedes W210 E-Class (1996-2002)<br>OEM Part Number: A 210-810-19-17-7D43<br>Door Mirror Assembly<br>Condition: New<br>Free shipping."
Add,eBayMotors,33561,MB-A 210-811-01-60-7721,Mercedes-Benz A 210-811-01-60-7721 Mirror Housing,1000,162.00,1,https://i.imgur.com/qQ59fw2.jpeg|https://i.imgur.com/gbPCJPo.jpeg|https://i.imgur.com/mt5PUQl.jpeg,"Fits: Mercedes W210 E-Class (1996-2002)<br>OEM Part Number: A 210-811-01-60-7721<br>Mirror Housing<br>Condition: New<br>Free shipping."
Add,eBayMotors,33561,MB-A 210-820-20-75,Mercedes-Benz A 210-820-20-75 Antenna,1000,67.50,1,https://i.imgur.com/gtWLWQE.jpeg|https://i.imgur.com/k5xOylA.jpeg,"Fits: Mercedes R209 CLK W210 E-Class (1998-2002)<br>OEM Part Number: A 210-820-20-75<br>Antenna<br>Condition: New<br>Free shipping."
Add,eBayMotors,33561,MB-A 210-820-55-02,Mercedes-Benz A 210-820-55-02 Speaker,1000,157.80,1,https://i.imgur.com/RRHhowm.jpeg,"Fits: Mercedes W209 W211 E-Class (2002-2009)<br>OEM Part Number: A 210-820-55-02<br>Speaker<br>Condition: New<br>Free shipping."
Add,eBayMotors,33561,MB-A 210-821-42-51,Mercedes-Benz A 210-821-42-51 HVAC Blower Motor Resistor,1000,216.30,1,https://i.imgur.com/Yf9RjCn.jpeg|https://i.imgur.com/2Ge1vDo.jpeg,"Fits: Mercedes W210 E-Class (1995-2002)<br>OEM Part Number: A 210-821-42-51<br>HVAC Blower Motor Resistor<br>Condition: New<br>Free shipping."
Add,eBayMotors,33561,MB-A 210-832-00-15,Mercedes-Benz A 210-832-00-15 AC Hose Piping,1000,87.00,1,https://i.imgur.com/kADCSaB.jpeg|https://i.imgur.com/6qZ8GBh.jpeg,"Fits: Mercedes W210 E-Class (1996-2002)<br>OEM Part Number: A 210-832-00-15<br>AC Hose Piping<br>Condition: New<br>Free shipping."
Add,eBayMotors,33561,MB-A 210-860-03–08,Mercedes-Benz A 210-860-03-08 Trunk Trim Panel,1000,50.00,1,https://i.imgur.com/TgI4gNp.jpeg|https://i.imgur.com/POD5Cej.jpeg,"Fits: Mercedes W210 E-Class (1995-2002)<br>OEM Part Number: A 210-860-03-08<br>Trunk Trim Panel<br>Condition: New<br>Free shipping."
Add,eBayMotors,33561,MB-A 210–811–01– 60–9040,Mercedes-Benz A 210-811-01-60-9040 Mirror Housing Right,1000,50.00,1,https://i.imgur.com/Lb6UAQX.jpeg|https://i.imgur.com/zoQVndM.jpeg,"Fits: Mercedes W210 E-Class (1995-2002)<br>OEM Part Number: A 210-811-01-60-9040<br>Mirror Housing - Right<br>Condition: New<br>Free shipping."
Add,eBayMotors,33561,MB-A 211-826-02-90-64,Mercedes-Benz A 211-826-02-90-64 Taillight Bulb Socket,1000,36.00,1,https://i.imgur.com/khYAJP8.jpeg,"Fits: Mercedes W211 E-Class (2002-2009)<br>OEM Part Number: A 211-826-02-90-64<br>Taillight Bulb Socket<br>Condition: New<br>Free shipping."
Add,eBayMotors,33561,MB-A 212-885-05-74,Mercedes-Benz A 212-885-05-74 Trim Molding,1000,74.10,1,https://i.imgur.com/eiSLfRg.jpeg|https://i.imgur.com/jqY3Agn.jpeg,"Fits: Mercedes W212 E-Class (2010-2016)<br>OEM Part Number: A 212-885-05-74<br>Trim Molding<br>Condition: New<br>Free shipping."
Add,eBayMotors,33561,MB-A 219–820-02-64,Mercedes-Benz A 219-820-02-64 Interior Armrest,1000,46.00,1,https://i.imgur.com/P1ZA6Qv.jpeg|https://i.imgur.com/Ba9A77I.jpeg|https://i.imgur.com/fAWiFKz.jpeg,"Fits: Mercedes W219 CLS-Class (2005-2011)<br>OEM Part Number: A 219-820-02-64<br>Interior Armrest<br>Condition: New<br>Free shipping."
Add,eBayMotors,33561,MB-A 220-270-06-12,Mercedes-Benz A 220-270-06-12 Control Unit,1000,405.00,1,https://i.imgur.com/Fnj4R9l.jpeg,"Fits: Mercedes W220 S-Class (1999-2005)<br>OEM Part Number: A 220-270-06-12<br>Control Unit<br>Condition: New<br>Free shipping."
Add,eBayMotors,33561,MB-A 220-271-00-68,Mercedes-Benz A 220-271-00-68 Transmission Pan Bolt Retainer,1000,13.50,1,https://i.imgur.com/ic9jEGx.jpeg|https://i.imgur.com/UKNgDDz.jpeg,"Fits: Mercedes W220 S-Class (1999-2005)<br>OEM Part Number: A 220-271-00-68<br>Transmission Pan Bolt Retainer<br>Condition: New<br>Free shipping."
Add,eBayMotors,33561,MB-A 220-810-10-64-9197,Mercedes-Benz A 220-810-10-64-9197 Mirror Assembly,1000,165.00,1,https://i.imgur.com/OQ5wfiJ.jpeg|https://i.imgur.com/e0Qq5wi.jpeg|https://i.imgur.com/p8KPNCw.jpeg,"Fits: Mercedes W220 S-Class (1999-2005)<br>OEM Part Number: A 220-810-10-64-9197<br>Mirror Assembly<br>Condition: New<br>Free shipping."
Add,eBayMotors,33561,MB-A 220-810-10-64-9999,Mercedes-Benz A 220-810-10-64-9999 Mirror Assembly,1000,407.10,1,https://i.imgur.com/3I9q6N5.jpeg|https://i.imgur.com/H0sgeoe.jpeg|https://i.imgur.com/p8KPNCw.jpeg,"Fits: Mercedes W220 S-Class (1999-2005)<br>OEM Part Number: A 220-810-10-64-9999<br>Mirror Assembly<br>Condition: New<br>Free shipping."
Add,eBayMotors,33561,MB-A 220-820-05-21,Mercedes-Benz A 220-820-05-21 Turn Signal Lamp,1000,114.00,1,https://i.imgur.com/j6ek2RO.jpeg|https://i.imgur.com/JpZuiCT.jpeg,"Fits: Mercedes W220 S-Class (1999-2005)<br>OEM Part Number: A 220-820-05-21<br>Turn Signal Lamp<br>Condition: New<br>Free shipping."
Add,eBayMotors,33561,MB-A 220-820-12-66,Mercedes-Benz A 220-820-12-66 Tail Lamp Lens,1000,240.88,1,https://i.imgur.com/mpF31n6.jpeg|https://i.imgur.com/nxf2IJZ.jpeg|https://i.imgur.com/Jp8jkvA.jpeg,"Fits: Mercedes W220 S-Class (1999-2005)<br>OEM Part Number: A 220-820-12-66<br>Tail Lamp Lens<br>Condition: New<br>Free shipping."
Add,eBayMotors,33561,MB-A 220-980-1 0-64-05,Mercedes-Benz A 220-980-10-64-05 Telescoping Spring,1000,77.40,1,https://i.imgur.com/N6J7OVd.jpeg|https://i.imgur.com/qw7xdYT.jpeg,"Fits: Mercedes W220 S-Class (1999-2005)<br>OEM Part Number: A 220-980-10-64-05<br>Telescoping Spring<br>Condition: New<br>Free shipping."
Add,eBayMotors,33561,MB-A 221-270-12-12,Mercedes-Benz A 221-270-12-12 Oil Pan,1000,258.00,1,https://i.imgur.com/UTuh40I.jpeg|https://i.imgur.com/tfQztBV.jpeg,"Fits: Mercedes W221 S-Class (2006-2013)<br>OEM Part Number: A 221-270-12-12<br>Oil Pan<br>Condition: New<br>Free shipping."
Add,eBayMotors,33561,MB-A 230-810-05-10,Mercedes-Benz A 230-810-05-10 Sun Visor,1000,181.50,1,https://i.imgur.com/RDtvHK8.jpeg|https://i.imgur.com/KjirmmH.jpeg|https://i.imgur.com/S0K6Y5P.jpeg,"Fits: Mercedes R230 SL-Class (2003-2012)<br>OEM Part Number: A 230-810-05-10<br>Sun Visor<br>Condition: New<br>Free shipping."
Add,eBayMotors,33561,MB-A 230-810-06-10,Mercedes-Benz A 230-810-06-10 Sun Visor,1000,192.00,1,https://i.imgur.com/IKAfGVB.jpeg,"Fits: Mercedes R230 SL-Class (2003-2012)<br>OEM Part Number: A 230-810-06-10<br>Sun Visor<br>Condition: New<br>Free shipping."
Add,eBayMotors,33561,MB-A 270-096-00-80,Mercedes-Benz A 270-096-00-80 Intake Manifold Gasket,1000,1.85,1,https://i.imgur.com/ckE4JNj.jpeg|https://i.imgur.com/sFVAFoP.jpeg,"Fits: Mercedes W204 W212 C-Class E-Class (2007-2019)<br>OEM Part Number: A 270-096-00-80<br>Intake Manifold Gasket<br>Condition: New<br>Free shipping."
Add,eBayMotors,33561,MB-A 276-018-00-80,Mercedes-Benz A 276-018-00-80 Bleed Line,1000,69.00,1,https://i.imgur.com/PlTLuPF.jpeg,"Fits: Mercedes W204 W212 W218 C-Class E-Class CLS (2009-2017)<br>OEM Part Number: A 276-018-00-80<br>Bleed Line<br>Condition: New<br>Free shipping."
Add,eBayMotors,33561,MB-A 463-810-02-86,Mercedes-Benz A 463-810-02-86 Sun Visor,1000,232.80,1,https://i.imgur.com/Z5X4ELU.jpeg,"Fits: Mercedes W463 G-Class (1990-2018)<br>OEM Part Number: A 463-810-02-86<br>Sun Visor<br>Condition: New<br>Free shipping."
Add,eBayMotors,33561,MB-A 463-810-51-16-9744,Mercedes-Benz A 463-810-51-16-9744 Door Mirror Right,1000,175.00,1,https://i.imgur.com/20iNKut.jpeg|https://i.imgur.com/ybWrVU5.jpeg|https://i.imgur.com/SXYjYkj.jpeg,"Fits: Mercedes W463 G-Class (1990-2018)<br>OEM Part Number: A 463-810-51-16-9744<br>Door Mirror - Right<br>Condition: New<br>Free shipping."
Add,eBayMotors,33561,MB-A 463-810-70-16-9744,Mercedes-Benz A 463-810-70-16-9744 Door Mirror Left,1000,175.00,1,https://i.imgur.com/BzxnPC4.jpeg|https://i.imgur.com/Jw00uOK.jpeg|https://i.imgur.com/9fTdB4Z.jpeg|https://i.imgur.com/tPIc0XM.jpeg|https://i.imgur.com/OCH5zfA.jpeg,"Fits: Mercedes W463 G-Class (1990-2018)<br>OEM Part Number: A 463-810-70-16-9744<br>Door Mirror - Left<br>Condition: New<br>Free shipping."
Add,eBayMotors,33561,MB-BQ 6-54-0017,Mercedes-Benz BQ 6-54-0017 Fuel Level Sensor,1000,95.00,1,https://i.imgur.com/MB7QzEn.jpeg|https://i.imgur.com/j7ePFp9.jpeg,"Fits: Mercedes W203 C-Class (2000-2007)<br>OEM Part Number: BQ 6-54-0017<br>Fuel Level Sensor<br>Condition: New<br>Free shipping."
Add,eBayMotors,33561,MB-N 000000-003661,Mercedes-Benz N 000000-003661 Transmission Shift Linkage,1000,15.00,1,https://i.imgur.com/l531xHc.jpeg|https://i.imgur.com/x5DYbIz.jpeg|https://i.imgur.com/5ZLXo8Z.jpeg,"Fits: Mercedes W202 W210 W220 (1993-2005)<br>OEM Part Number: N 000000-003661<br>Transmission Shift Linkage<br>Condition: New<br>Free shipping."
Add,eBayMotors,33561,MB-Q 6-82-0729,Mercedes-Benz Q 6-82-0729 Interior Trim Bracket,1000,40.00,1,https://i.imgur.com/2LKlJKQ.jpeg|https://i.imgur.com/oJDAlgD.jpeg|https://i.imgur.com/MDkIUlm.jpeg,"Fits: Various Mercedes Models<br>OEM Part Number: Q 6-82-0729<br>Interior Trim Bracket<br>Condition: New<br>Free shipping."
