Part Number,Correct Part Name,Correct Vehicle Fitment,Source 1 Price,Source 2 Price,Source 3 Price,Average Price,Discounted Price (10% off)
MB-000-820-81-10,Power Window Switch (Right Front),Mercedes W107 W123 W201 (1980-1993),42.00,38.00,45.00,41.67,37.50
MB-000-820-82-10,Window Switch with Lockout,Mercedes W210 E-Class (1994-2002),36.00,25.00,28.00,29.67,26.70
MB-112-200-14-01,Water Pump (with Parts Kit),Mercedes M104 M111 Engines (1986-1999),185.00,220.00,195.00,200.00,180.00
MB-124-460-01-19,Idler Arm Bushing Kit,Mercedes W124 W126 (1985-1995),32.00,38.00,28.00,32.67,29.40
MB-124-820-17-75,Door Lock Actuator Motor,Mercedes W124 (1984-2002),125.00,145.00,110.00,126.67,114.00
MB-124-820-46-10,Interior Rearview Mirror,Mercedes W124 (1990-1995),25.31,30.00,28.00,27.77,24.99
MB-124-820-89-10,Window Switch,Mercedes W124 (1985-1995),55.00,62.00,48.00,55.00,49.50
MB-124-880-02-20,Hood Release Handle,Mercedes W124 (1985-1995),21.00,28.00,24.00,24.33,21.90
MB-124-880-03-20,Bonnet Release Catch,Mercedes W124 W126 (1985-1995),28.00,32.00,26.00,28.67,25.80
MB-126-460-08-19,Intermediate Lever (Idler Arm),Mercedes W126 S-Class (1986-1991),45.00,52.00,38.00,45.00,40.50
MB-140-821-29-51,Switch (Various Functions),Mercedes W140 S-Class (1984-1999),65.00,72.00,58.00,65.00,58.50
MB-163-680-98-39,Ornamental Cover (Lid),Mercedes W163 ML-Class (2002-2005),75.00,85.00,68.00,76.00,68.40
MB-201-270-02-98,Sieve Insert/Filter,Mercedes W201 190 Series (1983-1993),35.00,42.00,38.00,38.33,34.50
MB-201-270-03-73,Cable (Left),Mercedes W129 SL (1989-2001),45.00,52.00,48.00,48.33,43.50
MB-201-460-00-50,Steering Coupling,Mercedes W201 (1983-1993),95.00,110.00,88.00,97.67,87.90
MB-203-33-09-14,Control Arm Bushing (Verify Application),Mercedes W203 C-Class (2000-2007),45.00,52.00,48.00,48.33,43.50
MB-204-333-11-14,Hydromount (Upper Control Arm),Mercedes W204 C-Class (2005-2020),52.00,65.00,58.00,58.33,52.50
MB-210-820-01-56,Front Fog Lamp Assembly,Mercedes W210 E-Class (1994-2002),234.00,265.00,220.00,239.67,215.70
MB-210-820-02-56,License Plate Lamp,Mercedes W210 E-Class (1996-2002),35.00,42.00,38.00,38.33,34.50
MB-210-826-07-82,Tail Light Socket,Mercedes W210 E430 (1998-2002),12.70,18.00,15.00,15.23,13.71
