sku,matched_part_number,source,image_url,local_path,status,notes
06K121605C TB923  95812160500,06K121605C,rockauto,https://www.rockauto.com/info/33/95352__ra_m.jpg,output/belt_images/06K121605C/rockauto.jpg,success,
10X785 99919234550 035903137C,10X785,rockauto,https://www.rockauto.com/info/147/08256_VIEW 2__ra_m.jpg,output/belt_images/10X785/rockauto.jpg,success,
10X725 99919209750,10X725,rockauto,https://www.rockauto.com/info/147/08256_VIEW 2__ra_m.jpg,output/belt_images/10X725/rockauto.jpg,success,
10X763 068145271C,10X763,rockauto,https://www.rockauto.com/info/147/08256_VIEW 2__ra_m.jpg,output/belt_images/10X763/rockauto.jpg,success,
10X750 0069972492,10X750,rockauto,https://www.rockauto.com/info/147/08256_VIEW 2__ra_m.jpg,output/belt_images/10X750/rockauto.jpg,success,
10X740 039131615,10X740,rockauto,https://www.rockauto.com/info/147/08256_VIEW 2__ra_m.jpg,output/belt_images/10X740/rockauto.jpg,success,
10X735 068903137Q,10X735,rockauto,https://www.rockauto.com/info/147/08256_VIEW 2__ra_m.jpg,output/belt_images/10X735/rockauto.jpg,success,
10X730 026145271 32421727180,10X730,rockauto,https://www.rockauto.com/info/147/08256_VIEW 2__ra_m.jpg,output/belt_images/10X730/rockauto.jpg,success,
10X775 99919233850,10X775,rockauto,https://www.rockauto.com/info/147/08256_VIEW 2__ra_m.jpg,output/belt_images/10X775/rockauto.jpg,success,
10X710 9991921765A,10X710,rockauto,https://www.rockauto.com/info/147/08256_VIEW 2__ra_m.jpg,output/belt_images/10X710/rockauto.jpg,success,
10X700,10X700,rockauto,https://www.rockauto.com/info/147/08256_VIEW 2__ra_m.jpg,output/belt_images/10X700/rockauto.jpg,success,
10X685 ERR2073,10X685,rockauto,https://www.rockauto.com/info/147/08256_VIEW 2__ra_m.jpg,output/belt_images/10X685/rockauto.jpg,success,
10X675 ERR2073 052903137F,ERR2073,rockauto,https://www.rockauto.com/info/33/DY_15270DR_Fro__ra_m.jpg,output/belt_images/ERR2073/rockauto.jpg,success,
10X635 027903137 10X660,10X635,rockauto,https://www.rockauto.com/info/147/08256_VIEW 2__ra_m.jpg,output/belt_images/10X635/rockauto.jpg,success,
10X650,,,,,not_found,Tried 1 numbers with no match
10X643 068121039B,10X643,rockauto,https://www.rockauto.com/info/147/08256_VIEW 2__ra_m.jpg,output/belt_images/10X643/rockauto.jpg,success,
10X635 027903137 10X660,10X635,rockauto,https://www.rockauto.com/info/147/08256_VIEW 2__ra_m.jpg,output/belt_images/10X635/rockauto.jpg,success,
10X625,,,,,not_found,Tried 1 numbers with no match
10X610,10X610,rockauto,https://www.rockauto.com/info/147/08256_VIEW 2__ra_m.jpg,output/belt_images/10X610/rockauto.jpg,success,
10X600 068903137AF,10X600,rockauto,https://www.rockauto.com/info/147/08256_VIEW 2__ra_m.jpg,output/belt_images/10X600/rockauto.jpg,success,
13X670,13X670,rockauto,https://www.rockauto.com/info/147/08256_VIEW 2__ra_m.jpg,output/belt_images/13X670/rockauto.jpg,success,
13X715 0039979892,0039979892,rockauto,https://www.rockauto.com/info/469/15215AP-1_TOP_R__ra_m.jpg,output/belt_images/0039979892/rockauto.jpg,success,
13X750 0069970992,13X750,rockauto,https://www.rockauto.com/info/147/08256_VIEW 2__ra_m.jpg,output/belt_images/13X750/rockauto.jpg,success,
13X775,,,,,not_found,Tried 1 numbers with no match
13X800 64521711058,13X800,rockauto,https://www.rockauto.com/info/147/08256_VIEW 2__ra_m.jpg,output/belt_images/13X800/rockauto.jpg,success,
13X810 64521706826,13X810,rockauto,https://www.rockauto.com/info/147/08256_VIEW 2__ra_m.jpg,output/belt_images/13X810/rockauto.jpg,success,
13X818 0069976892,13X818,rockauto,https://www.rockauto.com/info/147/08256_VIEW 2__ra_m.jpg,output/belt_images/13X818/rockauto.jpg,success,
13X850 0049979892 64521466031,13X850,rockauto,https://www.rockauto.com/info/147/08256_VIEW 2__ra_m.jpg,output/belt_images/13X850/rockauto.jpg,success,
13X855  64521722373,13X855,rockauto,https://www.rockauto.com/info/147/08256_VIEW 2__ra_m.jpg,output/belt_images/13X855/rockauto.jpg,success,
13X860,13X860,rockauto,https://www.rockauto.com/info/147/08256_VIEW 2__ra_m.jpg,output/belt_images/13X860/rockauto.jpg,success,
13X875 0049973592 84013300249,13X875,rockauto,https://www.rockauto.com/info/147/08256_VIEW 2__ra_m.jpg,output/belt_images/13X875/rockauto.jpg,success,
nan,NAN,rockauto,https://www.rockauto.com/info/13/13_NATIONAL SEAL_1966_1__ra_m.jpg,output/belt_images/NAN/rockauto.jpg,success,
10X1160 0069973592,10X1160,rockauto,https://www.rockauto.com/info/147/08256_VIEW 2__ra_m.jpg,output/belt_images/10X1160/rockauto.jpg,success,
10X1150 055903137B,10X1150,rockauto,https://www.rockauto.com/info/147/09255MK_VIEW 1__ra_m.jpg,output/belt_images/10X1150/rockauto.jpg,success,
10X1135,,,,,not_found,Tried 1 numbers with no match
10X1090 2430B 2430,10X1090,rockauto,https://www.rockauto.com/info/147/08256_VIEW 2__ra_m.jpg,output/belt_images/10X1090/rockauto.jpg,success,
10X1060 2420B 2420,2420,rockauto,https://www.rockauto.com/info/147/1017K6MK_VIEW 10__ra_m.jpg,output/belt_images/2420/rockauto.jpg,success,
9.5X1035 95X1035 2800053411 41013 T9217,41013,rockauto,https://www.rockauto.com/info/835/41012__ra_m.jpg,output/belt_images/41013/rockauto.jpg,success,
10X1030 10X1035 0049973992,10X1035,rockauto,https://www.rockauto.com/info/147/08256_VIEW 2__ra_m.jpg,output/belt_images/10X1035/rockauto.jpg,success,
10X1030 10X1035 0049973992,10X1035,rockauto,https://www.rockauto.com/info/147/08256_VIEW 2__ra_m.jpg,output/belt_images/10X1035/rockauto.jpg,success,
10X1025 11231721408 0059975692 99919202050 7310535,10X1025,rockauto,https://www.rockauto.com/info/147/08256_VIEW 2__ra_m.jpg,output/belt_images/10X1025/rockauto.jpg,success,
10X1000 0049978592,10X1000,rockauto,https://www.rockauto.com/info/147/08256_VIEW 2__ra_m.jpg,output/belt_images/10X1000/rockauto.jpg,success,
10X995,,,,,not_found,Tried 1 numbers with no match
10X940 049903137D,10X940,rockauto,https://www.rockauto.com/info/147/08256_VIEW 2__ra_m.jpg,output/belt_images/10X940/rockauto.jpg,success,
10X980 0069973092,10X980,rockauto,https://www.rockauto.com/info/147/08256_VIEW 2__ra_m.jpg,output/belt_images/10X980/rockauto.jpg,success,
10X975 12311268697 93185052,10X975,rockauto,https://www.rockauto.com/info/147/08256_VIEW 2__ra_m.jpg,output/belt_images/10X975/rockauto.jpg,success,
10X955 12311284317,,,,,not_found,Tried 2 numbers with no match
10X950,10X950,rockauto,https://www.rockauto.com/info/147/08256_VIEW 2__ra_m.jpg,output/belt_images/10X950/rockauto.jpg,success,
10X940 049903137D,10X940,rockauto,https://www.rockauto.com/info/147/08256_VIEW 2__ra_m.jpg,output/belt_images/10X940/rockauto.jpg,success,
10X938,,,,,not_found,Tried 1 numbers with no match
10X935 0069973292,10X935,rockauto,https://www.rockauto.com/info/147/08256_VIEW 2__ra_m.jpg,output/belt_images/10X935/rockauto.jpg,success,
10X930,,,,,not_found,Tried 1 numbers with no match
10X925,10X925,rockauto,https://www.rockauto.com/info/147/08256_VIEW 2__ra_m.jpg,output/belt_images/10X925/rockauto.jpg,success,
10X918 973537 10X920,973537,rockauto,https://www.rockauto.com/info/64/5700-1_TOP_R__ra_m.jpg,output/belt_images/973537/rockauto.jpg,success,
10X913 32411711144,10X913,rockauto,https://www.rockauto.com/info/147/08256_VIEW 2__ra_m.jpg,output/belt_images/10X913/rockauto.jpg,success,
10X900 0079977892 32421711067,10X900,rockauto,https://www.rockauto.com/info/147/08256_VIEW 2__ra_m.jpg,output/belt_images/10X900/rockauto.jpg,success,
10X875 0059978392 12311268676 99919213550,10X875,rockauto,https://www.rockauto.com/info/147/08256_VIEW 2__ra_m.jpg,output/belt_images/10X875/rockauto.jpg,success,
10X870 2345B 2345,2345,rockauto,https://www.rockauto.com/info/147/4080615_VIEW 10__ra_m.jpg,output/belt_images/2345/rockauto.jpg,success,
10X865 0059979292 11231709638,10X865,rockauto,https://www.rockauto.com/info/147/08256_VIEW 2__ra_m.jpg,output/belt_images/10X865/rockauto.jpg,success,
10X838 0069972992,10X838,rockauto,https://www.rockauto.com/info/147/08256_VIEW 2__ra_m.jpg,output/belt_images/10X838/rockauto.jpg,success,
10X800 11641254120 32421717953,10X800,rockauto,https://www.rockauto.com/info/147/08256_VIEW 2__ra_m.jpg,output/belt_images/10X800/rockauto.jpg,success,
10X790 2310B 2310,2310,rockauto,https://www.rockauto.com/info/147/08256_VIEW 2__ra_m.jpg,output/belt_images/2310/rockauto.jpg,success,
7PK1290 7K1290 021145933C,7PK1290,rockauto,https://www.rockauto.com/info/147/7PK1290_VIEW 10__ra_m.jpg,output/belt_images/7PK1290/rockauto.jpg,success,
7DPK1400 7DK1400 7DPK1395 7DK1395 021145933K,7DPK1395,rockauto,https://www.rockauto.com/info/147/7DPK1395_VIEW 10__ra_m.jpg,output/belt_images/7DPK1395/rockauto.jpg,success,
7PK1580 7K1580 11287636367,7PK1580,rockauto,https://www.rockauto.com/info/147/7PK1580_VIEW 10__ra_m.jpg,output/belt_images/7PK1580/rockauto.jpg,success,
7PK1629 7K1629 11287631823 11287833264,7PK1629,rockauto,https://www.rockauto.com/info/147/7PK1629_VIEW 10__ra_m.jpg,output/belt_images/7PK1629/rockauto.jpg,success,
7PK1635 7K1635 11287636377 LR051050,7PK1635,rockauto,https://www.rockauto.com/info/147/4PK1065_VIEW 10__ra_m.jpg,output/belt_images/7PK1635/rockauto.jpg,success,
7DK2074 7DPK2074 022145933P 95510293300,7DK2074,rockauto,https://www.rockauto.com/info/147/7DK2074_VIEW 1__ra_m.jpg,output/belt_images/7DK2074/rockauto.jpg,success,
7PK2365 7K2365 077903137AB,077903137AB,rockauto,https://www.rockauto.com/info/147/4070930_VIEW 10__ra_m.jpg,output/belt_images/077903137AB/rockauto.jpg,success,
7PK2535 7K2535 077903137AE,7PK2535,rockauto,https://www.rockauto.com/info/147/7PK2535_VIEW 10__ra_m.jpg,output/belt_images/7PK2535/rockauto.jpg,success,
7PK2555 7K2555,7PK2555,rockauto,https://www.rockauto.com/info/560/7PK2555_primary__ra_m.jpg,output/belt_images/7PK2555/rockauto.jpg,success,
8PK2585 8K2585 0109977392,8PK2585,rockauto,https://www.rockauto.com/info/147/8PK2585_VIEW 1__ra_m.jpg,output/belt_images/8PK2585/rockauto.jpg,success,
8K2465 8PK2465 0099978792,8K2465,rockauto,https://www.rockauto.com/info/147/8K2465_VIEW 1__ra_m.jpg,output/belt_images/8K2465/rockauto.jpg,success,
6DPK1853 6DK1853 30731809 9A110221601,6DPK1853,rockauto,https://www.rockauto.com/info/147/6DPK1853_VIEW 10__ra_m.jpg,output/belt_images/6DPK1853/rockauto.jpg,success,
6DPK1320 6DK1320 066145933J,6DPK1320,rockauto,https://www.rockauto.com/info/147/6DPK1320_VIEW 10__ra_m.jpg,output/belt_images/6DPK1320/rockauto.jpg,success,
6DPK1285 6DK1285 06G260849,6DPK1285,rockauto,https://www.rockauto.com/info/147/6DPK1285_VIEW 10__ra_m.jpg,output/belt_images/6DPK1285/rockauto.jpg,success,
6DPK1195 6DK1195 06A260849C,6DPK1195,rockauto,https://www.rockauto.com/info/560/6DPK1195_primary__ra_m.jpg,output/belt_images/6DPK1195/rockauto.jpg,success,
10X1250 9347048,10X1250,rockauto,https://www.rockauto.com/info/147/09255MK_VIEW 1__ra_m.jpg,output/belt_images/10X1250/rockauto.jpg,success,
10X1225 0069973492,10X1225,rockauto,https://www.rockauto.com/info/147/08256_VIEW 2__ra_m.jpg,output/belt_images/10X1225/rockauto.jpg,success,
10X1210,,,,,not_found,Tried 1 numbers with no match
10X1200 0059977792,10X1200,rockauto,https://www.rockauto.com/info/147/08256_VIEW 2__ra_m.jpg,output/belt_images/10X1200/rockauto.jpg,success,
10X1184 0069973392 9361791,9361791,rockauto,https://www.rockauto.com/info/147/08256_VIEW 2__ra_m.jpg,output/belt_images/9361791/rockauto.jpg,success,
10X1175,,,,,not_found,Tried 1 numbers with no match
9.5X1175 95X1175  4014486098464  26111801,,,,,not_found,Tried 4 numbers with no match
4PK1080 4PK1070,4PK1080,rockauto,https://www.rockauto.com/info/147/4PK1080_VIEW 10__ra_m.jpg,output/belt_images/4PK1080/rockauto.jpg,success,
4PK1120 4K1120 06M903137AA,4PK1120,rockauto,https://www.rockauto.com/info/147/4PK1120_VIEW 10__ra_m.jpg,output/belt_images/4PK1120/rockauto.jpg,success,
4PK1137 4K1137 4PK1140 4K1140,,,,,not_found,Tried 4 numbers with no match
5PK830 5PK0830 11287830946 NAC2211BA,5PK830,rockauto,https://www.rockauto.com/info/147/5PK830_VIEW 10__ra_m.jpg,output/belt_images/5PK830/rockauto.jpg,success,
5PK836 5K836 5PK0836 5K0836 5PK835 5K835 5PK0835 5K0835,5K836,rockauto,https://www.rockauto.com/info/147/5K836_VIEW 1__ra_m.jpg,output/belt_images/5K836/rockauto.jpg,success,
5PK847 5K847 30777530,5PK847,rockauto,https://www.rockauto.com/info/147/5PK847_VIEW 10__ra_m.jpg,output/belt_images/5PK847/rockauto.jpg,success,
5PK855 5K855 5K863 11281437450,5PK855,rockauto,https://www.rockauto.com/info/560/5PK855_primary__ra_m.jpg,output/belt_images/5PK855/rockauto.jpg,success,
5PK863,5PK863,rockauto,https://www.rockauto.com/info/147/5PK863_VIEW 10__ra_m.jpg,output/belt_images/5PK863/rockauto.jpg,success,
5PK880 5K880,5PK880,rockauto,https://www.rockauto.com/info/560/5PK880_primary__ra_m.jpg,output/belt_images/5PK880/rockauto.jpg,success,
5K890 5PK890 11281703943,5PK890,rockauto,https://www.rockauto.com/info/147/5PK890_VIEW 10__ra_m.jpg,output/belt_images/5PK890/rockauto.jpg,success,
5PK906 5K90611281437449,5PK906,rockauto,https://www.rockauto.com/info/147/5PK906_VIEW 10__ra_m.jpg,output/belt_images/5PK906/rockauto.jpg,success,
5PK925 5K925 07K145933C,5PK925,rockauto,https://www.rockauto.com/info/147/5PK925_VIEW 10__ra_m.jpg,output/belt_images/5PK925/rockauto.jpg,success,
5PK935 5PK940 5K935 5K940 07K145933G,5PK935,rockauto,https://www.rockauto.com/info/560/5PK935_primary__ra_m.jpg,output/belt_images/5PK935/rockauto.jpg,success,
5PK970 5K970 5PK0970 5K0970 07L903137T,5PK970,rockauto,https://www.rockauto.com/info/147/5PK970_VIEW 10__ra_m.jpg,output/belt_images/5PK970/rockauto.jpg,success,
5PK980 5K980 5PK0980 11287833266 EBC11306,5PK980,rockauto,https://www.rockauto.com/info/147/5PK980_VIEW 10__ra_m.jpg,output/belt_images/5PK980/rockauto.jpg,success,
5PK0995 5K0995 5K995 5PK995,5PK995,rockauto,https://www.rockauto.com/info/560/5PK995_primary__ra_m.jpg,output/belt_images/5PK995/rockauto.jpg,success,
5PK1005 5K1005 11287636376 99919220650 PQS000220,5PK1005,rockauto,https://www.rockauto.com/info/147/5PK1005_VIEW 10__ra_m.jpg,output/belt_images/5PK1005/rockauto.jpg,success,
5PK1060 5K1060 07K145933E,5PK1060,rockauto,https://www.rockauto.com/info/147/5PK1060_VIEW 10__ra_m.jpg,output/belt_images/5PK1060/rockauto.jpg,success,
5PK1110 5K1110,5PK1110,rockauto,https://www.rockauto.com/info/147/5PK1110_VIEW 10__ra_m.jpg,output/belt_images/5PK1110/rockauto.jpg,success,
5PK1125 5K1125 079903137AB,5PK1125,rockauto,https://www.rockauto.com/info/147/5PK1125_VIEW 10__ra_m.jpg,output/belt_images/5PK1125/rockauto.jpg,success,
5PK1155 5K1155 11281733708,5PK1155,rockauto,https://www.rockauto.com/info/147/5PK1155_VIEW 10__ra_m.jpg,output/belt_images/5PK1155/rockauto.jpg,success,
5PK1190 5K1190 11281736972,5PK1190,rockauto,https://www.rockauto.com/info/560/5PK1190_primary__ra_m.jpg,output/belt_images/5PK1190/rockauto.jpg,success,
5PK1290 5K1290 5PK1295 5K1295 5K1300 5PK1300 06B903137E,5PK1290,rockauto,https://www.rockauto.com/info/560/5PK1290_primary__ra_m.jpg,output/belt_images/5PK1290/rockauto.jpg,success,
5PK1290 5K1290 5PK1295 5K1295 5K1300 5PK1300 06B903137E,5PK1290,rockauto,https://www.rockauto.com/info/560/5PK1290_primary__ra_m.jpg,output/belt_images/5PK1290/rockauto.jpg,success,
5PK1432 5K1432 038903137T,5PK1432,rockauto,https://www.rockauto.com/info/147/5PK1432_VIEW 10__ra_m.jpg,output/belt_images/5PK1432/rockauto.jpg,success,
5PK1592 5K1592 93185054,93185054,rockauto,https://www.rockauto.com/info/33/Multirib Belt Arc rc__ra_m.jpg,output/belt_images/93185054/rockauto.jpg,success,
5PK1610 5K1610 7579881,7579881,rockauto,https://www.rockauto.com/info/147/4050635_VIEW 10__ra_m.jpg,output/belt_images/7579881/rockauto.jpg,success,
5DK1554 5DPK1554 07K145933F,5DK1554,rockauto,https://www.rockauto.com/info/147/5DK1554_VIEW 1__ra_m.jpg,output/belt_images/5DK1554/rockauto.jpg,success,
7PK1035 1128867207Z,7PK1035,rockauto,https://www.rockauto.com/info/147/7PK1035_VIEW 10__ra_m.jpg,output/belt_images/7PK1035/rockauto.jpg,success,
7PK1290 7K1290 021145933C,7PK1290,rockauto,https://www.rockauto.com/info/147/7PK1290_VIEW 10__ra_m.jpg,output/belt_images/7PK1290/rockauto.jpg,success,
7PK1270 7K1270 06E903137AB 95810225100,7PK1270,rockauto,https://www.rockauto.com/info/147/7PK1270_VIEW 10__ra_m.jpg,output/belt_images/7PK1270/rockauto.jpg,success,
6PK2120 6K2120 0089973492 93185756,6PK2120,rockauto,https://www.rockauto.com/info/147/6PK2120_VIEW 10__ra_m.jpg,output/belt_images/6PK2120/rockauto.jpg,success,
6PK2130 6K2130 0039935796 0119978592 074260849J,6PK2130,rockauto,https://www.rockauto.com/info/147/6PK2130_VIEW 10__ra_m.jpg,output/belt_images/6PK2130/rockauto.jpg,success,
6PK2145 6K2145 0089973892 11288570646,6PK2145,rockauto,https://www.rockauto.com/info/147/6PK2145_VIEW 10__ra_m.jpg,output/belt_images/6PK2145/rockauto.jpg,success,
6PK2155 6K2155 0119975292,6PK2155,rockauto,https://www.rockauto.com/info/147/6PK2155_VIEW 10__ra_m.jpg,output/belt_images/6PK2155/rockauto.jpg,success,
6PK2245 6K2245 0079978292,6PK2245,rockauto,https://www.rockauto.com/info/147/4060372F_VIEW 3__ra_m.jpg,output/belt_images/6PK2245/rockauto.jpg,success,
6PK2271 6K2271,6PK2271,rockauto,https://www.rockauto.com/info/147/6PK2271_VIEW 10__ra_m.jpg,output/belt_images/6PK2271/rockauto.jpg,success,
6PK2257 6K2257 0089977092 05103565AA,6PK2257,rockauto,https://www.rockauto.com/info/147/6PK2257_VIEW 10__ra_m.jpg,output/belt_images/6PK2257/rockauto.jpg,success,
6PK2260 6K2260 001993869664 05127258AB 078903137P 99610215193,6PK2260,rockauto,https://www.rockauto.com/info/147/6PK2260_VIEW 10__ra_m.jpg,output/belt_images/6PK2260/rockauto.jpg,success,
6PK2303 6K2303,6PK2303,rockauto,https://www.rockauto.com/info/147/6PK2303_VIEW 10__ra_m.jpg,output/belt_images/6PK2303/rockauto.jpg,success,
6PK2330,6PK2330,rockauto,https://www.rockauto.com/info/147/6PK2330_VIEW 10__ra_m.jpg,output/belt_images/6PK2330/rockauto.jpg,success,
6PK2375 6K2375 LR091610 T2H3354,6PK2375,rockauto,https://www.rockauto.com/info/560/6PK2375_primary__ra_m.jpg,output/belt_images/6PK2375/rockauto.jpg,success,
6PK2380 6K2380 6KX2380 0149977192,6PK2380,rockauto,https://www.rockauto.com/info/147/6PK2380_VIEW 10__ra_m.jpg,output/belt_images/6PK2380/rockauto.jpg,success,
6PK2406,,,,,not_found,Tried 1 numbers with no match
6PK2415 6K2415 0119974792 059903137AG 06E903137J 55563222,6PK2415,rockauto,https://www.rockauto.com/info/147/6PK2415_VIEW 10__ra_m.jpg,output/belt_images/6PK2415/rockauto.jpg,success,
6PK2445 6K2445 0119970692 LR035542 LR051263,6PK2445,rockauto,https://www.rockauto.com/info/147/6PK2445_VIEW 10__ra_m.jpg,output/belt_images/6PK2445/rockauto.jpg,success,
6PK2460 6K2460 077903137D 1139970092 C2S24900 LR064185 T2R10142,6PK2460,rockauto,https://www.rockauto.com/info/147/6PK2460_VIEW 10__ra_m.jpg,output/belt_images/6PK2460/rockauto.jpg,success,
6PK2480 6K2480 6PK2475 6K2475 0109978992 059903137R,6PK2480,rockauto,https://www.rockauto.com/info/560/6PK2480_primary__ra_m.jpg,output/belt_images/6PK2480/rockauto.jpg,success,
6PK2515 6K2515,6PK2515,rockauto,https://www.rockauto.com/info/560/6PK2515_primary__ra_m.jpg,output/belt_images/6PK2515/rockauto.jpg,success,
6PK2523 6K2523 0029936796 0109979992 059903137AL 8653617 95810221610,6PK2523,rockauto,https://www.rockauto.com/info/147/6PK2523_VIEW 10__ra_m.jpg,output/belt_images/6PK2523/rockauto.jpg,success,
6PK2535 6K2535 0029936596 0119972992 C2P12808,6PK2535,rockauto,https://www.rockauto.com/info/147/6PK2535_VIEW 10__ra_m.jpg,output/belt_images/6PK2535/rockauto.jpg,success,
6PK2550 6K2550 93185051 PQR500340,6PK2550,rockauto,https://www.rockauto.com/info/147/6PK2550_VIEW 10__ra_m.jpg,output/belt_images/6PK2550/rockauto.jpg,success,
6PK2625 6K2625 4395414,6PK2625,rockauto,https://www.rockauto.com/info/147/6PK2625_VIEW 10__ra_m.jpg,output/belt_images/6PK2625/rockauto.jpg,success,
6PK2648 6K2648 077903137S,077903137S,rockauto,https://www.rockauto.com/info/147/1178K6MK_VIEW 1__ra_m.jpg,output/belt_images/077903137S/rockauto.jpg,success,
6PK2680 6K2680 077903137Q,6PK2680,rockauto,https://www.rockauto.com/info/147/6PK2680_VIEW 10__ra_m.jpg,output/belt_images/6PK2680/rockauto.jpg,success,
3PK0715 3K0715 3PK715 3K715 31110PJ7033,3PK715,rockauto,https://www.rockauto.com/info/560/3PK715_primary__ra_m.jpg,output/belt_images/3PK715/rockauto.jpg,success,
3PK925 3K925 3PK0925 3K0925,3PK925,rockauto,https://www.rockauto.com/info/560/3PK925_primary__ra_m.jpg,output/belt_images/3PK925/rockauto.jpg,success,
4PK800 4K800 4PK0800 4K0800 EB007 11287552084 11287631825 4K819 4PK819 4K819ELAST,4PK800,rockauto,https://www.rockauto.com/info/147/4PK800_VIEW 10__ra_m.jpg,output/belt_images/4PK800/rockauto.jpg,success,
4PK863 4K863 11287512762,4PK863,rockauto,https://www.rockauto.com/info/147/4PK863_VIEW 10__ra_m.jpg,output/belt_images/4PK863/rockauto.jpg,success,
4PK875 4K875 4PK0875 4K0875,4PK875,rockauto,https://www.rockauto.com/info/147/4PK875_VIEW 10__ra_m.jpg,output/belt_images/4PK875/rockauto.jpg,success,
6PK1130 6K1130 06L903137A,6PK1130,rockauto,https://www.rockauto.com/info/147/6PK1130_VIEW 10__ra_m.jpg,output/belt_images/6PK1130/rockauto.jpg,success,
6PK1195 6K1195,6PK1195,rockauto,https://www.rockauto.com/info/147/6PK1195_VIEW 10__ra_m.jpg,output/belt_images/6PK1195/rockauto.jpg,success,
6PK1200 6K1200 30757007 31251046 LR003570,6PK1200,rockauto,https://www.rockauto.com/info/147/6PK1200_VIEW 10__ra_m.jpg,output/belt_images/6PK1200/rockauto.jpg,success,
6PK1285 6K1285,6PK1285,rockauto,https://www.rockauto.com/info/147/6PK1285_VIEW 10__ra_m.jpg,output/belt_images/6PK1285/rockauto.jpg,success,
6PK1325 6K1325 0119975892,6PK1325,rockauto,https://www.rockauto.com/info/147/6PK1325_VIEW 10__ra_m.jpg,output/belt_images/6PK1325/rockauto.jpg,success,
6PK1343,,,,,not_found,Tried 1 numbers with no match
6PK1365 6K1365,6PK1365,rockauto,https://www.rockauto.com/info/560/6PK1365_primary__ra_m.jpg,output/belt_images/6PK1365/rockauto.jpg,success,
6PK1374 6K1374 11287545120,6PK1374,rockauto,https://www.rockauto.com/info/147/6PK1374_VIEW 10__ra_m.jpg,output/belt_images/6PK1374/rockauto.jpg,success,
6PK1388 6K1388 11287520199,6PK1388,rockauto,https://www.rockauto.com/info/147/6PK1388_VIEW 10__ra_m.jpg,output/belt_images/6PK1388/rockauto.jpg,success,
6K1453 6PK1453 11287636372,6PK1453,rockauto,https://www.rockauto.com/info/147/6PK1453_VIEW 10__ra_m.jpg,output/belt_images/6PK1453/rockauto.jpg,success,
6K1538 6PK1538 11287636379,6K1538,rockauto,https://www.rockauto.com/info/147/ADK0023P_VIEW 1__ra_m.jpg,output/belt_images/6K1538/rockauto.jpg,success,
6PK1548 6K1548 11287631817,6PK1548,rockauto,https://www.rockauto.com/info/147/6PK1548_VIEW 10__ra_m.jpg,output/belt_images/6PK1548/rockauto.jpg,success,
6PK1555 6K1555 11287631818 11287636378 99919236551 PQS101272L,6PK1555,rockauto,https://www.rockauto.com/info/147/6PK1555_VIEW 10__ra_m.jpg,output/belt_images/6PK1555/rockauto.jpg,success,
6PK1570 6K1570 06D903137E 11281738991,6PK1570,rockauto,https://www.rockauto.com/info/147/6PK1570_VIEW 10__ra_m.jpg,output/belt_images/6PK1570/rockauto.jpg,success,
6PK1590 6K1590 06B903137D 06H903137C,6PK1590,rockauto,https://www.rockauto.com/info/147/6PK1590_VIEW 10__ra_m.jpg,output/belt_images/6PK1590/rockauto.jpg,success,
6PK1623 6K1623 9146557,6PK1623,rockauto,https://www.rockauto.com/info/147/6PK1623_VIEW 10__ra_m.jpg,output/belt_images/6PK1623/rockauto.jpg,success,
6PK1627 6K1627,,,,,not_found,Tried 2 numbers with no match
6PK1642 6K1642 9146160,6PK1642,rockauto,https://www.rockauto.com/info/147/6PK1642_VIEW 10__ra_m.jpg,output/belt_images/6PK1642/rockauto.jpg,success,
6PK1660 6K1660 038903137J 11287636373,6PK1660,rockauto,https://www.rockauto.com/info/147/6PK1660_VIEW 10__ra_m.jpg,output/belt_images/6PK1660/rockauto.jpg,success,
6PK1715 6K1715 11288573252 11288573253,6PK1715,rockauto,https://www.rockauto.com/info/147/6PK1715_VIEW 10__ra_m.jpg,output/belt_images/6PK1715/rockauto.jpg,success,
6PK1733 6K1733 11281437369,6PK1733,rockauto,https://www.rockauto.com/info/147/6PK1733_VIEW 10__ra_m.jpg,output/belt_images/6PK1733/rockauto.jpg,success,
6PK1760 6K1760 7B0903137A,6PK1760,rockauto,https://www.rockauto.com/info/147/6PK1760_VIEW 10__ra_m.jpg,output/belt_images/6PK1760/rockauto.jpg,success,
6PK1856 6K1856 078903137BL,6PK1856,rockauto,https://www.rockauto.com/info/147/6PK1856_VIEW 10__ra_m.jpg,output/belt_images/6PK1856/rockauto.jpg,success,
6PK1885 6K1885 06C903137E 078903137BC,6PK1885,rockauto,https://www.rockauto.com/info/147/6PK1885_VIEW 10__ra_m.jpg,output/belt_images/6PK1885/rockauto.jpg,success,
6PK1872 6K1872 6K1873 6PK1873 0139974692 078903137BD,6PK1873,rockauto,https://www.rockauto.com/info/147/6PK1873_VIEW 10__ra_m.jpg,output/belt_images/6PK1873/rockauto.jpg,success,
6PK1880 6K1880 0119970292,6PK1880,rockauto,https://www.rockauto.com/info/560/6PK1880_primary__ra_m.jpg,output/belt_images/6PK1880/rockauto.jpg,success,
6PK1905 6K1905 078903137AJ,6PK1905,rockauto,https://www.rockauto.com/info/147/6PK1905_VIEW 10__ra_m.jpg,output/belt_images/6PK1905/rockauto.jpg,success,
6PK1980 6K1980 008997739264 12605208,6PK1980,rockauto,https://www.rockauto.com/info/147/6PK1980_VIEW 10__ra_m.jpg,output/belt_images/6PK1980/rockauto.jpg,success,
6PK2020 6K2020 7B0903137C 93181720,6PK2020,rockauto,https://www.rockauto.com/info/147/6PK2020_VIEW 10__ra_m.jpg,output/belt_images/6PK2020/rockauto.jpg,success,
6PK2030 6K2030,6PK2030,rockauto,https://www.rockauto.com/info/560/6PK2030_primary__ra_m.jpg,output/belt_images/6PK2030/rockauto.jpg,success,
nan,NAN,rockauto,https://www.rockauto.com/info/13/13_NATIONAL SEAL_1966_1__ra_m.jpg,output/belt_images/NAN/rockauto.jpg,success,
04L115264,,,,,not_found,Tried 1 numbers with no match
nan,NAN,rockauto,https://www.rockauto.com/info/13/13_NATIONAL SEAL_1966_1__ra_m.jpg,output/belt_images/NAN/rockauto.jpg,success,
6PK720 6K720 6PK0720 6K0720 99919229050,6PK720,rockauto,https://www.rockauto.com/info/147/6PK720_VIEW 10__ra_m.jpg,output/belt_images/6PK720/rockauto.jpg,success,
6PK894 6K894 11287604014,6PK894,rockauto,https://www.rockauto.com/info/147/6PK894_VIEW 3__ra_m.jpg,output/belt_images/6PK894/rockauto.jpg,success,
6PK923 6K923 6PK0923 6K0923 028903137AM,6PK923,rockauto,https://www.rockauto.com/info/147/6PK923_VIEW 10__ra_m.jpg,output/belt_images/6PK923/rockauto.jpg,success,
6PK976 6K976 6PK0976 6K0976 037903137G,6PK976,rockauto,https://www.rockauto.com/info/147/6PK976_VIEW 10__ra_m.jpg,output/belt_images/6PK976/rockauto.jpg,success,
6PK1026 6K1026 04L260849C,6PK1026,rockauto,https://www.rockauto.com/info/147/6PK1026_VIEW 3__ra_m.jpg,output/belt_images/6PK1026/rockauto.jpg,success,
6PK1033 6K1033 11287518250,6PK1033,rockauto,https://www.rockauto.com/info/147/6PK1033_VIEW 10__ra_m.jpg,output/belt_images/6PK1033/rockauto.jpg,success,
6PK1045 6K1045 028903137BB,6PK1045,rockauto,https://www.rockauto.com/info/147/6PK1045_VIEW 10__ra_m.jpg,output/belt_images/6PK1045/rockauto.jpg,success,
6PK1050 6K1050 03G903137B,6PK1050,rockauto,https://www.rockauto.com/info/147/6PK1050_VIEW 10__ra_m.jpg,output/belt_images/6PK1050/rockauto.jpg,success,
6PK1080 6K1080 11281736719,6PK1080,rockauto,https://www.rockauto.com/info/147/6PK1080_VIEW 10__ra_m.jpg,output/belt_images/6PK1080/rockauto.jpg,success,
6PK1100 6K1100 06J260849F,6PK1100,rockauto,https://www.rockauto.com/info/147/6PK1100_VIEW 10__ra_m.jpg,output/belt_images/6PK1100/rockauto.jpg,success,
6PK1120 6K1120 06J260849D,6PK1120,rockauto,https://www.rockauto.com/info/147/6PK1120_VIEW 10__ra_m.jpg,output/belt_images/6PK1120/rockauto.jpg,success,
13X900 063903137 84013300089 047260849 8339939,13X900,rockauto,https://www.rockauto.com/info/147/08256_VIEW 2__ra_m.jpg,output/belt_images/13X900/rockauto.jpg,success,
13X910 0059977692,13X910,rockauto,https://www.rockauto.com/info/147/08256_VIEW 2__ra_m.jpg,output/belt_images/13X910/rockauto.jpg,success,
13X915 034260849,13X915,rockauto,https://www.rockauto.com/info/147/08256_VIEW 2__ra_m.jpg,output/belt_images/13X915/rockauto.jpg,success,
13X940 13X938 ERC675 979277,13X938,rockauto,https://www.rockauto.com/info/147/08256_VIEW 2__ra_m.jpg,output/belt_images/13X938/rockauto.jpg,success,
13X950 977731 999 192 306 50,13X950,rockauto,https://www.rockauto.com/info/147/08256_VIEW 2__ra_m.jpg,output/belt_images/13X950/rockauto.jpg,success,
13X960 0049970592 EAC3878,13X960,rockauto,https://www.rockauto.com/info/147/08256_VIEW 2__ra_m.jpg,output/belt_images/13X960/rockauto.jpg,success,
13X968 11721312977,,,,,not_found,Tried 2 numbers with no match
13X980 11231315357,13X980,rockauto,https://www.rockauto.com/info/147/08256_VIEW 2__ra_m.jpg,output/belt_images/13X980/rockauto.jpg,success,
13X985 611612,13X985,rockauto,https://www.rockauto.com/info/147/08256_VIEW 2__ra_m.jpg,output/belt_images/13X985/rockauto.jpg,success,
13X992 13X990 035260849C,13X990,rockauto,https://www.rockauto.com/info/147/08256_VIEW 2__ra_m.jpg,output/belt_images/13X990/rockauto.jpg,success,
13X1000 0039975092 99919228650,13X1000,rockauto,https://www.rockauto.com/info/147/08256_VIEW 2__ra_m.jpg,output/belt_images/13X1000/rockauto.jpg,success,
13X1025 99919212050,13X1025,rockauto,https://www.rockauto.com/info/147/08256_VIEW 2__ra_m.jpg,output/belt_images/13X1025/rockauto.jpg,success,
13X1030 0059976992,13X1030,rockauto,https://www.rockauto.com/info/147/08256_VIEW 2__ra_m.jpg,output/belt_images/13X1030/rockauto.jpg,success,
13X1035 4410B 4410 055260849E,4410,rockauto,https://www.rockauto.com/info/147/C2CC0156894131737236__ra_m.jpg,output/belt_images/4410/rockauto.jpg,success,
13X1040 11221706788 99919216051,13X1040,rockauto,https://www.rockauto.com/info/147/08256_VIEW 2__ra_m.jpg,output/belt_images/13X1040/rockauto.jpg,success,
13X1050 069145271,13X1050,rockauto,https://www.rockauto.com/info/147/08256_VIEW 2__ra_m.jpg,output/belt_images/13X1050/rockauto.jpg,success,
13X1060 973490,13X1060,rockauto,https://www.rockauto.com/info/147/08256_VIEW 2__ra_m.jpg,output/belt_images/13X1060/rockauto.jpg,success,
13X1075 978710 99919214650,13X1075,rockauto,https://www.rockauto.com/info/147/08256_VIEW 2__ra_m.jpg,output/belt_images/13X1075/rockauto.jpg,success,
13X1085 12311469263 99919236350,13X1085,rockauto,https://www.rockauto.com/info/147/08256_VIEW 2__ra_m.jpg,output/belt_images/13X1085/rockauto.jpg,success,
13X1100 90019202750,13X1100,rockauto,https://www.rockauto.com/info/147/08256_VIEW 2__ra_m.jpg,output/belt_images/13X1100/rockauto.jpg,success,
13X1155 9919225450,13X1155,rockauto,https://www.rockauto.com/info/147/08256_VIEW 2__ra_m.jpg,output/belt_images/13X1155/rockauto.jpg,success,
13X1184 969992,13X1184,rockauto,https://www.rockauto.com/info/147/08256_VIEW 2__ra_m.jpg,output/belt_images/13X1184/rockauto.jpg,success,
13X1050 069145271,13X1050,rockauto,https://www.rockauto.com/info/147/08256_VIEW 2__ra_m.jpg,output/belt_images/13X1050/rockauto.jpg,success,
13X1275 EAC3850 9382383,13X1275,rockauto,https://www.rockauto.com/info/147/08256_VIEW 2__ra_m.jpg,output/belt_images/13X1275/rockauto.jpg,success,
13X1350 0099976292,13X1350,rockauto,https://www.rockauto.com/info/147/08256_VIEW 2__ra_m.jpg,output/belt_images/13X1350/rockauto.jpg,success,
13X1400 977573,13X1400,rockauto,https://www.rockauto.com/info/147/08256_VIEW 2__ra_m.jpg,output/belt_images/13X1400/rockauto.jpg,success,
