Part Name,SKU,Cost,Retail,Quantity,Source,FMV,TOTAL,Grand TOTAL,Cost + Retail / 2,TOTAL.1,Grand Total,Average
Belt,06K121605C TB923  95812160500,15.3,30.0,1.0,,29.1,29.1,,22.65,22.65,,
Belt,10X785 99919234550 035903137C,4.83,9.66,7.0,,33.0,231.0,,7.245,50.715,,
Belt,10X725 99919209750,4.41,8.82,12.0,,32.0,384.0,,6.615,79.38,,
Belt,10X763 068145271C,4.67,9.34,7.0,,31.0,217.0,,7.005,49.035,,
Belt,10X750 0069972492,4.64,9.28,1.0,,37.0,37.0,,6.96,6.96,,
Belt,10X740 039131615,4.78,9.56,1.0,,36.0,36.0,,7.17,7.17,,
Belt,10X735 068903137Q,5.91,11.82,3.0,,35.0,105.0,,8.865,26.595,,
Belt,10X730 026145271 32421727180,4.83,9.66,1.0,,32.0,32.0,,7.245,7.245,,
Belt,10X775 99919233850,4.83,9.66,6.0,,33.0,198.0,,7.245,43.47,,
Belt,10X710 9991921765A,4.46,8.92,3.0,,34.0,102.0,,6.69,20.07,,
Belt,10X700,3.59,7.18,4.0,,36.0,144.0,,5.385,21.54,,
Belt,10X685 ERR2073,3.51,7.02,1.0,,35.0,35.0,,5.265,5.265,,
Belt,10X675 ERR2073 052903137F,4.35,8.7,1.0,,32.0,32.0,,6.525,6.525,,
Belt,10X635 027903137 10X660,4.58,9.16,1.0,,33.0,33.0,,6.87,6.87,,
Belt,10X650,3.63,7.26,1.0,,31.0,31.0,,5.445,5.445,,
Belt,10X643 068121039B,4.72,9.44,3.0,,30.0,90.0,,7.08,21.24,,
Belt,10X635 027903137 10X660,4.58,9.16,3.0,,32.0,96.0,,6.87,20.61,,
Belt,10X625,3.65,7.3,3.0,,34.0,102.0,,5.475,16.425,,
Belt,10X610,18.08,31.64,4.0,,36.0,144.0,,24.86,99.44,,
Belt,10X600 068903137AF,4.06,8.12,5.0,,33.0,165.0,,6.09,30.45,,
Belt,13X670,6.27,13.0,1.0,,35.0,35.0,,9.635,9.635,,
Belt,13X715 0039979892,5.04,12.0,1.0,,32.0,32.0,,8.52,8.52,,
Belt,13X750 0069970992,5.04,12.0,1.0,,34.0,34.0,,8.52,8.52,,
Belt,13X775,6.59,15.0,1.0,,52.0,52.0,,10.795,10.795,,
Belt,13X800 64521711058,5.37,12.0,2.0,,48.0,96.0,,8.685,17.37,,
Belt,13X810 64521706826,4.25,12.0,1.0,,55.0,55.0,,8.125,8.125,,
Belt,13X818 0069976892,6.75,13.5,3.0,,62.0,186.0,,10.125,30.375,,
Belt,13X850 0049979892 64521466031,6.98,15.0,4.0,,58.0,232.0,,10.99,43.96,,
Belt,13X855  64521722373,6.87,14.0,1.0,,60.0,60.0,,10.435,10.435,,
Belt,13X860,4.9,14.0,5.0,,50.0,250.0,,9.45,47.25,,
Belt,13X875 0049973592 84013300249,4.25,14.0,6.0,,63.0,378.0,,9.125,54.75,,
Belt,,6.2,12.0,1.0,,61.0,61.0,,9.1,9.1,,
Belt,10X1160 0069973592,6.04,12.08,2.0,,54.0,108.0,,9.06,18.12,,
Belt,10X1150 055903137B,6.97,13.94,4.0,,49.0,196.0,,10.455,41.82,,
Belt,10X1135,6.59,13.18,1.0,,57.0,57.0,,9.885,9.885,,
Belt,10X1090 2430B 2430,4.39,8.78,9.0,,55.0,495.0,,6.585,59.265,,
Belt,10X1060 2420B 2420,3.86,7.72,2.0,,50.0,100.0,,5.79,11.58,,
Belt,9.5X1035 95X1035 2800053411 41013 T9217,22.54,45.08,1.0,,52.0,52.0,,33.81,33.81,,
Belt,10X1030 10X1035 0049973992,5.48,10.96,1.0,,54.0,54.0,,8.22,8.22,,
Belt,10X1030 10X1035 0049973992,5.48,10.96,1.0,,54.0,54.0,,8.22,8.22,,
Belt,10X1025 11231721408 0059975692 99919202050 7310535,10.53,18.43,2.0,,52.0,104.0,,14.48,28.96,,
Belt,10X1000 0049978592,5.34,10.68,3.0,,50.0,150.0,,8.01,24.03,,
Belt,10X995,4.5,9.0,5.0,,48.0,240.0,,6.75,33.75,,
Belt,10X940 049903137D,6.01,12.02,3.0,,49.0,147.0,,9.015,27.045,,
Belt,10X980 0069973092,5.37,10.74,1.0,,51.0,51.0,,8.055,8.055,,
Belt,10X975 12311268697 93185052,5.45,10.9,1.0,,52.0,52.0,,8.175,8.175,,
Belt,10X955 12311284317,4.5,9.0,2.0,,50.0,100.0,,6.75,13.5,,
Belt,10X950,8.35,16.7,4.0,,51.0,204.0,,12.525,50.1,,
Belt,10X940 049903137D,6.01,12.02,7.0,,50.0,350.0,,9.015,63.105,,
Belt,10X938,4.25,8.5,1.0,,51.0,51.0,,6.375,6.375,,
Belt,10X935 0069973292,5.27,10.54,2.0,,50.0,100.0,,7.905,15.81,,
Belt,10X930,5.92,11.84,5.0,,42.0,210.0,,8.88,44.4,,
Belt,10X925,19.29,38.58,3.0,,39.0,117.0,,28.935,86.805,,
Belt,10X918 973537 10X920,6.19,12.38,1.0,,51.0,51.0,,9.285,9.285,,
Belt,10X913 32411711144,4.88,9.76,1.0,,50.0,50.0,,7.32,7.32,,
Belt,10X900 0079977892 32421711067,4.99,9.98,1.0,,47.0,47.0,,7.485,7.485,,
Belt,10X875 0059978392 12311268676 99919213550,5.51,14.0,1.0,,56.0,56.0,,9.755,9.755,,
Belt,10X870 2345B 2345,4.51,9.02,2.0,,62.0,124.0,,6.765,13.53,,
Belt,10X865 0059979292 11231709638,3.98,7.96,3.0,,44.0,132.0,,5.97,17.91,,
Belt,10X838 0069972992,3.94,7.88,4.0,,53.0,212.0,,5.91,23.64,,
Belt,10X800 11641254120 32421717953,4.94,9.88,8.0,,48.0,384.0,,7.41,59.28,,
belt,10X790 2310B 2310,4.31,8.62,3.0,,41.0,123.0,,6.465,19.395,,
Belt,7PK1290 7K1290 021145933C,29.36,48.0,1.0,,44.0,44.0,,38.68,38.68,,
Belt,7DPK1400 7DK1400 7DPK1395 7DK1395 021145933K,35.1,58.0,1.0,,46.0,46.0,,46.55,46.55,,
Belt,7PK1580 7K1580 11287636367,18.02,30.0,1.0,,49.0,49.0,,24.01,24.01,,
Belt,7PK1629 7K1629 11287631823 11287833264,19.71,33.0,1.0,,52.0,52.0,,26.355,26.355,,
Belt,7PK1635 7K1635 11287636377 LR051050,24.81,41.0,1.0,,50.0,50.0,,32.905,32.905,,
Belt,7DK2074 7DPK2074 022145933P 95510293300,36.99,62.0,1.0,,48.0,48.0,,49.495,49.495,,
Belt,7PK2365 7K2365 077903137AB,18.88,32.0,1.0,,45.0,45.0,,25.44,25.44,,
Belt,7PK2535 7K2535 077903137AE,36.07,60.0,1.0,,47.0,47.0,,48.035,48.035,,
Belt,7PK2555 7K2555,26.73,45.0,1.0,,43.0,43.0,,35.865,35.865,,
Belt,8PK2585 8K2585 0109977392,43.07,68.91,1.0,,38.0,38.0,,55.99,55.99,,
Belt,8K2465 8PK2465 0099978792,34.5,55.2,1.0,,41.0,41.0,,44.85,44.85,,
Belt,6DPK1853 6DK1853 30731809 9A110221601,28.21,45.14,1.0,,39.0,39.0,,36.675,36.675,,
Belt,6DPK1320 6DK1320 066145933J,24.37,42.65,2.0,,43.0,86.0,,33.51,67.02,,
Belt,6DPK1285 6DK1285 06G260849,29.82,47.71,1.0,,46.0,46.0,,38.765,38.765,,
Belt,6DPK1195 6DK1195 06A260849C,21.59,37.78,4.0,,48.0,192.0,,29.685,118.74,,
Belt,10X1250 9347048,6.48,12.96,2.0,,50.0,100.0,,9.72,19.44,,
Belt,10X1225 0069973492,9.33,18.66,1.0,,47.0,47.0,,13.995,13.995,,
Belt,10X1210,5.98,11.96,1.0,,45.0,45.0,,8.97,8.97,,
Belt,10X1200 0059977792,7.35,14.7,2.0,,49.0,98.0,,11.025,22.05,,
Belt,10X1184 0069973392 9361791,9.84,19.68,2.0,,42.0,84.0,,14.76,29.52,,
Belt,10X1175,5.78,11.56,7.0,,44.0,308.0,,8.67,60.69,,
Belt,9.5X1175 95X1175  4014486098464  26111801,6.17,12.34,1.0,,46.0,46.0,,9.255,9.255,,
Belt,4PK1080 4PK1070,5.93,15.0,1.0,,48.0,48.0,,10.465,10.465,,
Belt,4PK1120 4K1120 06M903137AA,7.64,15.0,1.0,,50.0,50.0,,11.32,11.32,,
Belt,4PK1137 4K1137 4PK1140 4K1140,8.1,16.0,1.0,,47.0,47.0,,12.05,12.05,,
Belt,5PK830 5PK0830 11287830946 NAC2211BA,7.94,16.0,1.0,,45.0,45.0,,11.97,11.97,,
Belt,5PK836 5K836 5PK0836 5K0836 5PK835 5K835 5PK0835 5K0835,8.44,17.0,1.0,,49.0,49.0,,12.72,12.72,,
Belt,5PK847 5K847 30777530,5.89,20.0,1.0,,51.0,51.0,,12.945,12.945,,
Belt,5PK855 5K855 5K863 11281437450,7.78,15.0,4.0,,53.0,212.0,,11.39,45.56,,
BELT,5PK863,7.98,25.0,2.0,,50.0,100.0,,16.49,32.98,,
Belt,5PK880 5K880,9.89,20.0,1.0,,48.0,48.0,,14.945,14.945,,
Belt,5K890 5PK890 11281703943,7.81,25.0,2.0,,46.0,92.0,,16.405,32.81,,
Belt,5PK906 5K90611281437449,9.1,20.0,2.0,,26.0,52.0,,14.55,29.1,,
Belt,5PK925 5K925 07K145933C,7.86,25.0,2.0,,44.0,88.0,,16.43,32.86,,
Belt,5PK935 5PK940 5K935 5K940 07K145933G,8.75,18.0,1.0,,46.0,46.0,,13.375,13.375,,
Belt,5PK970 5K970 5PK0970 5K0970 07L903137T,10.61,20.0,1.0,,48.0,48.0,,15.305,15.305,,
Belt,5PK980 5K980 5PK0980 11287833266 EBC11306,8.61,17.0,1.0,,50.0,50.0,,12.805,12.805,,
Belt,5PK0995 5K0995 5K995 5PK995,10.89,19.0,1.0,,52.0,52.0,,14.945,14.945,,
Belt,5PK1005 5K1005 11287636376 99919220650 PQS000220,9.08,18.0,1.0,,54.0,54.0,,13.54,13.54,,
Belt,5PK1060 5K1060 07K145933E,9.25,30.0,1.0,,56.0,56.0,,19.625,19.625,,
Belt,5PK1110 5K1110,10.64,19.0,1.0,,58.0,58.0,,14.82,14.82,,
Belt,5PK1125 5K1125 079903137AB,8.75,17.0,2.0,,60.0,120.0,,12.875,25.75,,
Belt,5PK1155 5K1155 11281733708,9.27,19.0,1.0,,62.0,62.0,,14.135,14.135,,
Belt,5PK1190 5K1190 11281736972,13.47,23.57,1.0,,64.0,64.0,,18.52,18.52,,
Belt,5PK1290 5K1290 5PK1295 5K1295 5K1300 5PK1300 06B903137E,10.15,18.0,1.0,,55.0,55.0,,14.075,14.075,,
Belt,5PK1290 5K1290 5PK1295 5K1295 5K1300 5PK1300 06B903137E,10.15,18.0,1.0,,55.0,55.0,,14.075,14.075,,
Belt,5PK1432 5K1432 038903137T,12.8,23.0,1.0,,58.0,58.0,,17.9,17.9,,
Belt,5PK1592 5K1592 93185054,11.66,20.0,2.0,,60.0,120.0,,15.83,31.66,,
Belt,5PK1610 5K1610 7579881,7.52,15.0,2.0,,62.0,124.0,,11.26,22.52,,
Belt,5DK1554 5DPK1554 07K145933F,28.88,60.0,1.0,,65.0,65.0,,44.44,44.44,,
Belt,7PK1035 1128867207Z,18.22,30.0,1.0,,48.0,48.0,,24.11,24.11,,
Belt,7PK1290 7K1290 021145933C,29.36,48.0,1.0,,50.0,50.0,,38.68,38.68,,
Belt,7PK1270 7K1270 06E903137AB 95810225100,20.86,35.0,1.0,,52.0,52.0,,27.93,27.93,,
Belt,6PK2120 6K2120 0089973492 93185756,23.63,41.35,2.0,,54.0,108.0,,32.49,64.98,,
Belt,6PK2130 6K2130 0039935796 0119978592 074260849J,22.51,39.39,1.0,,56.0,56.0,,30.95,30.95,,
Belt,6PK2145 6K2145 0089973892 11288570646,23.21,40.62,2.0,,58.0,116.0,,31.915,63.83,,
Belt,6PK2155 6K2155 0119975292,22.29,37.0,1.0,,60.0,60.0,,29.645,29.645,,
Belt,6PK2245 6K2245 0079978292,26.0,43.0,1.0,,62.0,62.0,,34.5,34.5,,
Belt,6PK2271 6K2271,15.6,40.0,1.0,,64.0,64.0,,27.8,27.8,,
Belt,6PK2257 6K2257 0089977092 05103565AA,21.87,36.0,1.0,,58.0,58.0,,28.935,28.935,,
Belt,6PK2260 6K2260 001993869664 05127258AB 078903137P 99610215193,25.6,42.0,2.0,,60.0,120.0,,33.8,67.6,,
Belt,6PK2303 6K2303,21.33,37.33,2.0,,62.0,124.0,,29.33,58.66,,
Belt,6PK2330,22.47,50.0,1.0,,64.0,64.0,,36.235,36.235,,
Belt,6PK2375 6K2375 LR091610 T2H3354,27.36,45.0,1.0,,66.0,66.0,,36.18,36.18,,
Belt,6PK2380 6K2380 6KX2380 0149977192,21.84,37.0,2.0,,68.0,136.0,,29.42,58.84,,
Belt,6PK2406,34.0,50.0,1.0,,70.0,70.0,,42.0,42.0,,
Belt,6PK2415 6K2415 0119974792 059903137AG 06E903137J 55563222,23.57,45.0,2.0,,72.0,144.0,,34.285,68.57,,
Belt,6PK2445 6K2445 0119970692 LR035542 LR051263,26.42,44.0,1.0,,76.0,76.0,,35.21,35.21,,
Belt,6PK2460 6K2460 077903137D 1139970092 C2S24900 LR064185 T2R10142,30.84,52.0,2.0,,78.0,156.0,,41.42,82.84,,
Belt,6PK2480 6K2480 6PK2475 6K2475 0109978992 059903137R,25.04,42.0,2.0,,80.0,160.0,,33.52,67.04,,
Belt,6PK2515 6K2515,20.89,35.0,1.0,,82.0,82.0,,27.945,27.945,,
Belt,6PK2523 6K2523 0029936796 0109979992 059903137AL 8653617 95810221610,28.8,46.08,2.0,,84.0,168.0,,37.44,74.88,,
Belt,6PK2535 6K2535 0029936596 0119972992 C2P12808,27.14,45.0,1.0,,86.0,86.0,,36.07,36.07,,
Belt,6PK2550 6K2550 93185051 PQR500340,28.78,48.0,1.0,,88.0,88.0,,38.39,38.39,,
Belt,6PK2625 6K2625 4395414,25.38,42.0,1.0,,90.0,90.0,,33.69,33.69,,
Belt,6PK2648 6K2648 077903137S,40.51,68.0,1.0,,55.0,55.0,,54.255,54.255,,
Belt,6PK2680 6K2680 077903137Q,30.18,50.0,2.0,,57.0,114.0,,40.09,80.18,,
Belt,3PK0715 3K0715 3PK715 3K715 31110PJ7033,4.87,10.0,1.0,,59.0,59.0,,7.435,7.435,,
Belt,3PK925 3K925 3PK0925 3K0925,8.25,20.0,1.0,,61.0,61.0,,14.125,14.125,,
Belt,4PK800 4K800 4PK0800 4K0800 EB007 11287552084 11287631825 4K819 4PK819 4K819ELAST,13.55,23.0,2.0,,63.0,126.0,,18.275,36.55,,
Belt,4PK863 4K863 11287512762,6.45,18.0,2.0,,67.0,134.0,,12.225,24.45,,
Belt,4PK875 4K875 4PK0875 4K0875,7.31,14.62,1.0,,69.0,69.0,,10.965,10.965,,
Belt,6PK1130 6K1130 06L903137A,11.78,20.62,1.0,,71.0,71.0,,16.2,16.2,,
Belt,6PK1195 6K1195,16.95,28.0,3.0,,73.0,219.0,,22.475,67.425,,
Belt,6PK1200 6K1200 30757007 31251046 LR003570,12.96,22.68,4.0,,75.0,300.0,,17.82,71.28,,
Belt,6PK1285 6K1285,17.67,30.0,1.0,,77.0,77.0,,23.835,23.835,,
Belt,6PK1325 6K1325 0119975892,16.95,29.66,1.0,,79.0,79.0,,23.305,23.305,,
Belt,6PK1343,13.37,23.4,2.0,,81.0,162.0,,18.385,36.77,,
Belt,6PK1365 6K1365,14.0,25.0,1.0,,83.0,83.0,,19.5,19.5,,
Belt,6PK1374 6K1374 11287545120,13.83,24.2,1.0,,85.0,85.0,,19.015,19.015,,
Belt,6PK1388 6K1388 11287520199,16.92,28.0,1.0,,87.0,87.0,,22.46,22.46,,
Belt,6K1453 6PK1453 11287636372,15.95,27.91,1.0,,59.0,59.0,,21.93,21.93,,
Belt,6K1538 6PK1538 11287636379,14.22,30.0,1.0,,61.0,61.0,,22.11,22.11,,
Belt,6PK1548 6K1548 11287631817,14.4,25.2,1.0,,63.0,63.0,,19.8,19.8,,
Belt,6PK1555 6K1555 11287631818 11287636378 99919236551 PQS101272L,13.95,30.0,2.0,,65.0,130.0,,21.975,43.95,,
Belt,6PK1570 6K1570 06D903137E 11281738991,14.9,26.08,1.0,,67.0,67.0,,20.49,20.49,,
Belt,6PK1590 6K1590 06B903137D 06H903137C,15.87,27.77,2.0,,69.0,138.0,,21.82,43.64,,
Belt,6PK1623 6K1623 9146557,16.44,28.77,3.0,,71.0,213.0,,22.605,67.815,,
Belt,6PK1627 6K1627,14.0,30.0,3.0,,73.0,219.0,,22.0,66.0,,
Belt,6PK1642 6K1642 9146160,14.68,25.69,1.0,,75.0,75.0,,20.185,20.185,,
Belt,6PK1660 6K1660 038903137J 11287636373,17.29,30.26,2.0,,77.0,154.0,,23.775,47.55,,
Belt,6PK1715 6K1715 11288573252 11288573253,16.19,28.0,1.0,,79.0,79.0,,22.095,22.095,,
Belt,6PK1733 6K1733 11281437369,17.22,30.14,1.0,,81.0,81.0,,23.68,23.68,,
Belt,6PK1760 6K1760 7B0903137A,17.25,30.19,3.0,,83.0,249.0,,23.72,71.16,,
Belt,6PK1856 6K1856 078903137BL,16.1,28.18,1.0,,85.0,85.0,,22.14,22.14,,
Belt,6PK1885 6K1885 06C903137E 078903137BC,19.03,33.3,1.0,,87.0,87.0,,26.165,26.165,,
Belt,6PK1872 6K1872 6K1873 6PK1873 0139974692 078903137BD,20.0,35.0,3.0,,89.0,267.0,,27.5,82.5,,
Belt,6PK1880 6K1880 0119970292,21.86,38.25,1.0,,91.0,91.0,,30.055,30.055,,
Belt,6PK1905 6K1905 078903137AJ,18.64,32.62,1.0,,93.0,93.0,,25.63,25.63,,
Belt,6PK1980 6K1980 008997739264 12605208,15.79,27.63,4.0,,95.0,380.0,,21.71,86.84,,
Belt,6PK2020 6K2020 7B0903137C 93181720,20.75,36.31,1.0,,97.0,97.0,,28.53,28.53,,
Belt,6PK2030 6K2030,28.14,47.0,1.0,,99.0,99.0,,37.57,37.57,,
Belt,,3.8,12.0,1.0,,20.0,20.0,,7.9,7.9,,
Belt,04L115264,21.49,45.0,1.0,,25.0,25.0,,33.245,33.245,,
Belt,,6.2,12.0,4.0,,30.0,120.0,,9.1,36.4,,
Belt,6PK720 6K720 6PK0720 6K0720 99919229050,10.5,21.0,2.0,,20.0,40.0,,15.75,31.5,,
Belt,6PK894 6K894 11287604014,8.89,17.78,1.0,,22.0,22.0,,13.335,13.335,,
Belt,6PK923 6K923 6PK0923 6K0923 028903137AM,11.88,20.79,2.0,,25.0,50.0,,16.335,32.67,,
Belt,6PK976 6K976 6PK0976 6K0976 037903137G,11.57,20.25,2.0,,30.0,60.0,,15.91,31.82,,
Belt,6PK1026 6K1026 04L260849C,10.33,18.08,1.0,,28.0,28.0,,14.205,14.205,,
Belt,6PK1033 6K1033 11287518250,10.2,17.85,2.0,,35.0,70.0,,14.025,28.05,,
Belt,6PK1045 6K1045 028903137BB,12.87,22.52,3.0,,40.0,120.0,,17.695,53.085,,
Belt,6PK1050 6K1050 03G903137B,11.04,25.0,2.0,,40.0,80.0,,18.02,36.04,,
Belt,6PK1080 6K1080 11281736719,11.44,20.02,2.0,,35.0,70.0,,15.73,31.46,,
Belt,6PK1100 6K1100 06J260849F,11.16,19.53,2.0,,45.0,90.0,,15.345,30.69,,
Belt,6PK1120 6K1120 06J260849D,11.19,30.0,1.0,,50.0,50.0,,20.595,20.595,,
Belt,13X900 063903137 84013300089 047260849 8339939,9.63,19.26,6.0,FCP Euro,14.5,87.0,,14.445,86.67,,
Belt,13X910 0059977692,7.6,15.2,6.0,ECS Tuning,11.4,68.4,,11.4,68.4,,
Belt,13X915 034260849,7.19,14.38,12.0,AutohausAZ,10.8,129.6,,10.785,129.42,,
Belt,13X940 13X938 ERC675 979277,6.23,12.46,3.0,ECS Tuning,9.35,28.05,,9.345,28.035,,
Belt,13X950 977731 999 192 306 50,7.54,15.08,1.0,FCP Euro,11.3,11.3,,11.31,11.31,,
Belt,13X960 0049970592 EAC3878,7.97,15.94,1.0,ECS Tuning,11.95,11.95,,11.955,11.955,,
Belt,13X968 11721312977,6.36,12.72,6.0,AutohausAZ,9.54,57.24,,9.54,57.24,,
Belt,13X980 11231315357,6.55,13.1,2.0,ECS Tuning,9.83,19.66,,9.825,19.65,,
Belt,13X985 611612,12.69,22.21,1.0,FCP Euro,17.45,17.45,,17.45,17.45,,
Belt,13X992 13X990 035260849C,8.19,16.38,7.0,ECS Tuning,12.3,86.1,,12.285,85.995,,
Belt,13X1000 0039975092 99919228650,8.94,17.88,4.0,AutohausAZ,13.4,53.6,,13.41,53.64,,
Belt,13X1025 99919212050,8.73,17.46,2.0,FCP Euro,13.1,26.2,,13.095,26.19,,
Belt,13X1030 0059976992,8.3,16.6,2.0,FCP Euro,18.5,37.0,,12.45,24.9,,
Belt,13X1035 4410B 4410 055260849E,6.74,13.48,2.0,ECS Tuning,19.2,38.4,,10.11,20.22,,
Belt,13X1040 11221706788 99919216051,8.88,17.76,4.0,AutohausAZ,20.1,80.4,,13.32,53.28,,
Belt,13X1050 069145271,7.89,15.78,3.0,FCP Euro,17.95,53.85,,11.835,35.505,,
Belt,13X1060 973490,9.82,19.64,10.0,ECS Tuning,16.8,168.0,,14.73,147.3,,
Belt,13X1075 978710 99919214650,8.32,16.64,5.0,AutohausAZ,18.75,93.75,,12.48,62.4,,
Belt,13X1085 12311469263 99919236350,8.84,17.68,2.0,FCP Euro,21.0,42.0,,13.26,26.52,,
Belt,13X1100 90019202750,8.61,17.22,3.0,ECS Tuning,22.3,66.9,,12.915,38.745,,
Belt,13X1155 9919225450,9.64,24.0,1.0,AutohausAZ,23.5,23.5,,16.82,16.82,,
Belt,13X1184 969992,11.42,19.99,5.0,FCP Euro,25.1,125.5,,15.705,78.525,,
Belt,13X1050 069145271,7.89,15.78,1.0,ECS Tuning,24.4,24.4,,11.835,11.835,,
Belt,13X1275 EAC3850 9382383,11.49,20.11,2.0,FCP Euro,17.95,35.9,,15.8,31.6,,
Belt,13X1350 0099976292,9.99,19.98,3.0,AutohausAZ,28.0,84.0,,14.985,44.955,,
Belt,13X1400 977573,13.62,23.83,2.0,ECS Tuning,30.2,60.4,,18.725,37.45,,
