Action,Site ID,Category ID,Custom Label,Title,Condition ID,Price,Quantity,Item Photo URL,Description
Add,eBayMotors,33561,MB-000-820-81-10,Mercedes Door Lock Actuator,1000,35.00,1,https://litter.catbox.moe/r920wd.jpeg|https://litter.catbox.moe/zz89u4.jpeg,Mercedes OEM part. Part #: 000-820-81-10. Free shipping.
Add,eBayMotors,33561,MB-000-820-82-10,Mercedes Door Lock Actuator,1000,35.00,1,https://litter.catbox.moe/umt91i.jpeg|https://litter.catbox.moe/6pwuil.jpeg,Mercedes OEM part. Part #: 000-820-82-10. Free shipping.
Add,eBayMotors,33561,MB-112-200-14-01,Mercedes Engine Mount Bracket,1000,45.00,1,https://litter.catbox.moe/v32y8j.jpeg|https://litter.catbox.moe/vsn12z.jpeg|https://litter.catbox.moe/w81kz4.jpeg,Mercedes OEM part. Part #: 112-200-14-01. Free shipping.
Add,eBayMotors,33561,MB-124-460-01-19,Mercedes Power Steering Hose,1000,25.00,1,https://litter.catbox.moe/nn0c3v.jpeg,Mercedes OEM part. Part #: 124-460-01-19. Free shipping.
Add,eBayMotors,33561,MB-124-820-17-75,Mercedes Sunroof Guide Rail,1000,40.00,1,https://i.imgur.com/9izOkYS.jpeg|https://i.imgur.com/HUSATbM.jpeg,Mercedes OEM part. Part #: 124-820-17-75. Free shipping.
Add,eBayMotors,33561,MB-124-820-46-10,Mercedes Seat Belt Buckle,1000,30.00,1,https://i.imgur.com/b75uNwt.jpeg|https://i.imgur.com/KWcQ5IJ.jpeg|https://i.imgur.com/uokSGxc.jpeg,Mercedes OEM part. Part #: 124-820-46-10. Free shipping.
Add,eBayMotors,33561,MB-124-820-89-10,Mercedes Interior Trim Clip,1000,15.00,1,https://litter.catbox.moe/69sklf.jpeg|https://litter.catbox.moe/ojxynr.jpeg,Mercedes OEM part. Part #: 124-820-89-10. Free shipping.
Add,eBayMotors,33561,MB-124-880-02-20,Mercedes Door Seal,1000,35.00,1,https://litter.catbox.moe/rdntaa.jpeg|https://litter.catbox.moe/v3cvvb.jpeg,Mercedes OEM part. Part #: 124-880-02-20. Free shipping.
Add,eBayMotors,33561,MB-124-880-03-20,Mercedes Door Seal,1000,35.00,1,https://litter.catbox.moe/0uzbg0.jpeg|https://litter.catbox.moe/1nqu3x.jpeg,Mercedes OEM part. Part #: 124-880-03-20. Free shipping.
Add,eBayMotors,33561,MB-126-460-08-19,Mercedes Power Steering Line,1000,45.00,1,https://litter.catbox.moe/sqhabf.jpeg|https://litter.catbox.moe/y8m9p7.jpeg,Mercedes OEM part. Part #: 126-460-08-19. Free shipping.
Add,eBayMotors,33561,MB-140-821-29-51,Mercedes Sunvisor,1000,55.00,1,https://i.imgur.com/9OVwuq3.jpeg|https://i.imgur.com/985UOBB.jpeg|https://i.imgur.com/5ayeSqF.jpeg,Mercedes OEM part. Part #: 140-821-29-51. Free shipping.
Add,eBayMotors,33561,MB-163-680-98-39 9B96,Mercedes M-Class Engine Cover,1000,85.00,1,https://i.imgur.com/xb3PWLL.jpeg|https://i.imgur.com/JtTm2kQ.jpeg,Mercedes OEM part. Part #: 163-680-98-39 9B96. Free shipping.
Add,eBayMotors,33561,MB-201-270-02-98,Mercedes W201 Engine Sensor,1000,25.00,1,https://litter.catbox.moe/jxokeb.jpeg,Mercedes OEM part. Part #: 201-270-02-98. Free shipping.
Add,eBayMotors,33561,MB-201-270-03-73,Mercedes W201 Engine Sensor,1000,25.00,1,https://litter.catbox.moe/j0l7mt.jpeg|https://litter.catbox.moe/j9ta90.jpeg|https://litter.catbox.moe/so3r7y.jpeg,Mercedes OEM part. Part #: 201-270-03-73. Free shipping.
Add,eBayMotors,33561,MB-201-460-00-50,Mercedes Power Steering Pump,1000,85.00,1,https://litter.catbox.moe/2hmk5t.jpeg|https://litter.catbox.moe/8p0mvc.jpeg,Mercedes OEM part. Part #: 201-460-00-50. Free shipping.
Add,eBayMotors,33561,MB-203-33-09-14,Mercedes W203 Suspension Arm,1000,65.00,1,https://litter.catbox.moe/9ylaho.jpeg,Mercedes OEM part. Part #: 203-33-09-14. Free shipping.
Add,eBayMotors,33561,MB-204-333-11-14,Mercedes W204 Suspension Part,1000,75.00,1,https://litter.catbox.moe/fusoo3.jpeg,Mercedes OEM part. Part #: 204-333-11-14. Free shipping.
Add,eBayMotors,33561,MB-210-820-01-56,Mercedes W210 Interior Part,1000,25.00,1,https://litter.catbox.moe/fxcxn8.jpeg,Mercedes OEM part. Part #: 210-820-01-56. Free shipping.
Add,eBayMotors,33561,MB-210-820-02-56,Mercedes W210 Interior Part,1000,25.00,1,https://litter.catbox.moe/96l6cz.jpeg|https://litter.catbox.moe/wf09by.jpeg,Mercedes OEM part. Part #: 210-820-02-56. Free shipping.
Add,eBayMotors,33561,MB-210-826-07-82,Mercedes W210 Glove Box,1000,45.00,1,https://litter.catbox.moe/1xhjng.jpeg|https://litter.catbox.moe/0z6139.jpeg,Mercedes OEM part. Part #: 210-826-07-82. Free shipping.
Add,eBayMotors,33561,MB-A 000-542-38-25,Mercedes A-Class Headlight,1000,125.00,1,https://litter.catbox.moe/on1z0a.jpeg|https://litter.catbox.moe/xo501g.jpeg|https://litter.catbox.moe/i5t4su.jpeg,Mercedes OEM part. Part #: A 000-542-38-25. Free shipping.
Add,eBayMotors,33561,MB-A 000-821-15-52,Mercedes A-Class Mirror,1000,55.00,1,https://litter.catbox.moe/vutmjl.jpeg,Mercedes OEM part. Part #: A 000-821-15-52. Free shipping.
Add,eBayMotors,33561,MB-A 000-826-12-59,Mercedes A-Class Interior Part,1000,35.00,1,https://litter.catbox.moe/tntrz4.jpeg|https://litter.catbox.moe/evv1i5.jpeg,Mercedes OEM part. Part #: A 000-826-12-59. Free shipping.
Add,eBayMotors,33561,MB-A 001-821-49-51,Mercedes Door Mirror,1000,65.00,1,https://i.imgur.com/EzsmUnz.jpeg|https://i.imgur.com/a6DGbcK.jpeg,Mercedes OEM part. Part #: A 001-821-49-51. Free shipping.
Add,eBayMotors,33561,MB-A 001-826-53-82,Mercedes A-Class Interior Trim,1000,45.00,1,https://litter.catbox.moe/2rceb9.jpeg|https://litter.catbox.moe/0qh5sf.jpeg|https://litter.catbox.moe/f3djld.jpeg,Mercedes OEM part. Part #: A 001-826-53-82. Free shipping.
Add,eBayMotors,33561,MB-A 003-826-22-90,Mercedes Interior Part,1000,35.00,1,https://i.imgur.com/xj6LqiW.jpeg|https://i.imgur.com/s77TDap.jpeg,Mercedes OEM part. Part #: A 003-826-22-90. Free shipping.
Add,eBayMotors,33561,MB-A 103-200-1452,Mercedes M103 Engine Part,1000,75.00,1,https://litter.catbox.moe/9phbjc.jpeg|https://litter.catbox.moe/z2i0x3.jpeg,Mercedes OEM part. Part #: A 103-200-1452. Free shipping.
Add,eBayMotors,33561,MB-A 104-070-12-32,Mercedes M104 Engine Part,1000,85.00,1,https://litter.catbox.moe/8sfr4z.jpeg|https://litter.catbox.moe/b0v5ks.jpeg,Mercedes OEM part. Part #: A 104-070-12-32. Free shipping.
Add,eBayMotors,33561,MB-A 107-820-59-61,Mercedes W107 SL Interior Part,1000,55.00,1,https://litter.catbox.moe/thxykj.jpeg|https://litter.catbox.moe/hn44os.jpeg,Mercedes OEM part. Part #: A 107-820-59-61. Free shipping.
Add,eBayMotors,33561,MB-A 124-810-25-21,Mercedes Seat Heater Switch,1000,45.00,1,https://i.imgur.com/YLJFTU7.jpeg|https://i.imgur.com/o5DO1zt.jpeg|https://i.imgur.com/qv6rBrC.jpeg,Mercedes OEM part. Part #: A 124-810-25-21. Free shipping.
Add,eBayMotors,33561,MB-A 124-820-57-75,Mercedes Sunroof Switch,1000,35.00,1,https://litter.catbox.moe/xl1dy3.jpeg|https://litter.catbox.moe/ccrfbj.jpeg,Mercedes OEM part. Part #: A 124-820-57-75. Free shipping.
Add,eBayMotors,33561,MB-A 124-880-02-20,Mercedes Door Weatherstrip,1000,45.00,1,https://i.imgur.com/YL2qLPs.jpeg|https://i.imgur.com/d1YJFQT.jpeg,Mercedes OEM part. Part #: A 124-880-02-20. Free shipping.
Add,eBayMotors,33561,MB-A 126-869-06-08,Mercedes Trunk Lock,1000,55.00,1,https://litter.catbox.moe/0foy32.jpeg|https://litter.catbox.moe/8j3i9y.jpeg,Mercedes OEM part. Part #: A 126-869-06-08. Free shipping.
Add,eBayMotors,33561,MB-A 129-820-19-75,Mercedes W129 SL Interior Part,1000,45.00,1,https://i.imgur.com/nUnKM7o.jpeg|https://i.imgur.com/pm7niOf.jpeg,Mercedes OEM part. Part #: A 129-820-19-75. Free shipping.
Add,eBayMotors,33561,MB-A 129-820-68-61,Mercedes W129 Seat Adjuster,1000,75.00,1,https://litter.catbox.moe/5xhcus.jpeg|https://litter.catbox.moe/gsip8b.jpeg|https://litter.catbox.moe/mgcfsk.jpeg,Mercedes OEM part. Part #: A 129-820-68-61. Free shipping.
Add,eBayMotors,33561,MB-A 129-826-08-43,Mercedes W129 SL Interior Part,1000,55.00,1,https://i.imgur.com/7rlWPgW.jpeg|https://i.imgur.com/In6mIVq.jpeg,Mercedes OEM part. Part #: A 129-826-08-43. Free shipping.
Add,eBayMotors,33561,MB-A 129–8 10–0621,Mercedes W129 SL Interior Part,1000,55.00,1,https://i.imgur.com/kb9X3hg.jpeg|https://i.imgur.com/Bfzg5YW.jpeg|https://i.imgur.com/YSl27Hl.jpeg,Mercedes OEM part. Part #: A 129–8 10–0621. Free shipping.
Add,eBayMotors,33561,MB-A 129–8 11–0 41–22,Mercedes W129 SL Interior Part,1000,55.00,1,https://litter.catbox.moe/ggffl9.jpeg,Mercedes OEM part. Part #: A 129–8 11–0 41–22. Free shipping.
Add,eBayMotors,33561,MB-A 140-330-82-07,Mercedes W140 Suspension Part,1000,95.00,1,https://litter.catbox.moe/q3q15p.jpeg,Mercedes OEM part. Part #: A 140-330-82-07. Free shipping.
Add,eBayMotors,33561,MB-A 140-750-07-06,Mercedes W140 Fuel Pump,1000,125.00,1,https://litter.catbox.moe/bc0vy2.jpeg|https://litter.catbox.moe/6fnfol.jpeg,Mercedes OEM part. Part #: A 140-750-07-06. Free shipping.
Add,eBayMotors,33561,MB-A 140-750-08-84,Mercedes W140 Fuel Pump,1000,125.00,1,https://litter.catbox.moe/9019ne.jpeg|https://litter.catbox.moe/gytksf.jpeg|https://litter.catbox.moe/g31pcu.jpeg,Mercedes OEM part. Part #: A 140-750-08-84. Free shipping.
Add,eBayMotors,33561,MB-A 140-810-41-17-7101,Mercedes W140 Sunvisor,1000,65.00,1,https://litter.catbox.moe/ut84vd.jpeg|https://litter.catbox.moe/d24ep8.jpeg|https://litter.catbox.moe/ovh2z0.jpeg,Mercedes OEM part. Part #: A 140-810-41-17-7101. Free shipping.
Add,eBayMotors,33561,MB-A 140-826-16-77,Mercedes W140 Interior Trim,1000,55.00,1,https://litter.catbox.moe/ajtob1.jpeg|https://litter.catbox.moe/oru17b.jpeg|https://litter.catbox.moe/uwyzdx.jpeg,Mercedes OEM part. Part #: A 140-826-16-77. Free shipping.
Add,eBayMotors,33561,MB-A 163-540-83-11,Mercedes W163 Fuel Tank Cap,1000,25.00,1,https://litter.catbox.moe/h43fj8.jpeg|https://litter.catbox.moe/rsyeag.jpeg,Mercedes OEM part. Part #: A 163-540-83-11. Free shipping.
Add,eBayMotors,33561,MB-A 163-545-26-32,Mercedes W163 Door Handle,1000,45.00,1,https://i.imgur.com/pxRjOV7.jpeg|https://i.imgur.com/UmtIuf6.jpeg,Mercedes OEM part. Part #: A 163-545-26-32. Free shipping.
Add,eBayMotors,33561,MB-A 163-680-04-58,Mercedes W163 Engine Cover,1000,85.00,1,https://litter.catbox.moe/rspfuk.jpeg|https://litter.catbox.moe/konydc.jpeg|https://litter.catbox.moe/ptxvl1.jpeg,Mercedes OEM part. Part #: A 163-680-04-58. Free shipping.
Add,eBayMotors,33561,MB-A 163-811-01-60,Mercedes W163 Sunvisor,1000,55.00,1,https://litter.catbox.moe/3azuuk.jpeg|https://litter.catbox.moe/nc5vid.jpeg|https://litter.catbox.moe/cnr5rg.jpeg,Mercedes OEM part. Part #: A 163-811-01-60. Free shipping.
Add,eBayMotors,33561,MB-A 163-820-01-77,Mercedes W163 Interior Part,1000,45.00,1,https://litter.catbox.moe/jc48lz.jpeg|https://litter.catbox.moe/antb7y.jpeg,Mercedes OEM part. Part #: A 163-820-01-77. Free shipping.
Add,eBayMotors,33561,MB-A 163-820-06–56,Mercedes W163 Interior Part,1000,45.00,1,https://litter.catbox.moe/14wvcz.jpeg|https://litter.catbox.moe/jqsb4y.jpeg,Mercedes OEM part. Part #: A 163-820-06–56. Free shipping.
Add,eBayMotors,33561,MB-A 163-820-18-42,Mercedes W163 Interior Trim,1000,55.00,1,https://litter.catbox.moe/jiela9.jpeg,Mercedes OEM part. Part #: A 163-820-18-42. Free shipping.
Add,eBayMotors,33561,MB-A 163-820-49-61-64,Mercedes W164 Interior Part,1000,65.00,1,https://litter.catbox.moe/hplu6o.jpeg|https://litter.catbox.moe/ibgmud.jpeg|https://litter.catbox.moe/slzcj9.jpeg,Mercedes OEM part. Part #: A 163-820-49-61-64. Free shipping.
Add,eBayMotors,33561,MB-A 163-860-04-69-05-9051,Mercedes W163 Exhaust Clamp,1000,35.00,1,https://i.imgur.com/gB5T9Vw.jpeg|https://i.imgur.com/7pgDPf7.jpeg,Mercedes OEM part. Part #: A 163-860-04-69-05-9051. Free shipping.
Add,eBayMotors,33561,MB-A 163-885-07-81,Mercedes W163 Fuel Line,1000,55.00,1,https://litter.catbox.moe/1pn440.jpeg|https://litter.catbox.moe/fd987e.jpeg,Mercedes OEM part. Part #: A 163-885-07-81. Free shipping.
Add,eBayMotors,33561,MB-A 164-320-11-31,Mercedes W164 Suspension Part,1000,85.00,1,https://litter.catbox.moe/j0gu15.jpeg|https://litter.catbox.moe/h8wc69.jpeg,Mercedes OEM part. Part #: A 164-320-11-31. Free shipping.
Add,eBayMotors,33561,MB-A 164-581004649040,Mercedes W164 Part,1000,85.00,1,https://litter.catbox.moe/x5lswc.jpeg|https://litter.catbox.moe/2dm9qq.jpeg,Mercedes OEM part. Part #: A 164-581004649040. Free shipping.
Add,eBayMotors,33561,MB-A 164-740-03-35,Mercedes W164 Air Pump,1000,145.00,1,https://litter.catbox.moe/4d5ts5.jpeg|https://litter.catbox.moe/c8twfs.jpeg|https://litter.catbox.moe/wov3zl.jpeg,Mercedes OEM part. Part #: A 164-740-03-35. Free shipping.
Add,eBayMotors,33561,MB-A 164-810-14-64-9040,Mercedes W164 Part,1000,85.00,1,https://litter.catbox.moe/vhixg7.jpeg,Mercedes OEM part. Part #: A 164-810-14-64-9040. Free shipping.
Add,eBayMotors,33561,MB-A 164-820-1585-7E94,Mercedes W164 Interior Part,1000,75.00,1,https://litter.catbox.moe/q5kk80.jpeg|https://litter.catbox.moe/9q23vx.jpeg|https://litter.catbox.moe/9lwvd8.jpeg,Mercedes OEM part. Part #: A 164-820-1585-7E94. Free shipping.
Add,eBayMotors,33561,MB-A 164-820-50-61-64,Mercedes W164 Interior Part,1000,75.00,1,https://litter.catbox.moe/nuq5j0.jpeg|https://litter.catbox.moe/tbt2ja.jpeg|https://litter.catbox.moe/03yybb.jpeg,Mercedes OEM part. Part #: A 164-820-50-61-64. Free shipping.
Add,eBayMotors,33561,MB-A 166-440-70-13,Mercedes W166 Part,1000,95.00,1,https://litter.catbox.moe/vpb5vw.jpeg,Mercedes OEM part. Part #: A 166-440-70-13. Free shipping.
Add,eBayMotors,33561,MB-A 171-830-01-85-05,Mercedes SLK Interior Part,1000,65.00,1,https://litter.catbox.moe/ozfpq9.jpeg|https://litter.catbox.moe/zkk8xe.jpeg|https://litter.catbox.moe/3dgfjb.jpeg,Mercedes OEM part. Part #: A 171-830-01-85-05. Free shipping.
Add,eBayMotors,33561,MB-A 202-720-35-35,Mercedes W202 Radiator Fan,1000,95.00,1,https://litter.catbox.moe/0ptrkl.jpeg|https://litter.catbox.moe/3fkygw.jpeg,Mercedes OEM part. Part #: A 202-720-35-35. Free shipping.
Add,eBayMotors,33561,MB-A 202-730-07-35,Mercedes W202 Fan Clutch,1000,75.00,1,https://i.imgur.com/gmnlvvA.jpeg|https://i.imgur.com/Fo23x2I.jpeg|https://i.imgur.com/SzkuoJh.jpeg,Mercedes OEM part. Part #: A 202-730-07-35. Free shipping.
Add,eBayMotors,33561,MB-A 202-800-03-78,Mercedes W202 Antenna,1000,35.00,1,https://litter.catbox.moe/bjyqaw.jpeg|https://litter.catbox.moe/p9fq02.jpeg,Mercedes OEM part. Part #: A 202-800-03-78. Free shipping.
Add,eBayMotors,33561,MB-A 202-860-1 0-47,Mercedes W202 Part,1000,45.00,1,https://litter.catbox.moe/e1sbbf.jpeg|https://litter.catbox.moe/07vtp4.jpeg,Mercedes OEM part. Part #: A 202-860-1 0-47. Free shipping.
Add,eBayMotors,33561,MB-A 203-440-72-07,Mercedes W203 Fuel Tank,1000,185.00,1,https://litter.catbox.moe/06ajao.jpeg|https://litter.catbox.moe/9fq1zp.jpeg,Mercedes OEM part. Part #: A 203-440-72-07. Free shipping.
Add,eBayMotors,33561,MB-A 203-698-19-98,Mercedes W203 Headlight,1000,145.00,1,https://i.imgur.com/5CyqjIk.jpeg|https://i.imgur.com/JXA6Bfl.jpeg|https://i.imgur.com/uGGc1lL.jpeg,Mercedes OEM part. Part #: A 203-698-19-98. Free shipping.
Add,eBayMotors,33561,MB-A 203-811-04-60-9040,Mercedes W203 Sunvisor,1000,55.00,1,https://litter.catbox.moe/d6oe34.jpeg|https://litter.catbox.moe/sosxay.jpeg|https://litter.catbox.moe/ky8pla.jpeg,Mercedes OEM part. Part #: A 203-811-04-60-9040. Free shipping.
Add,eBayMotors,33561,MB-A 203-820-07-21,Mercedes W203 Interior Part,1000,45.00,1,https://litter.catbox.moe/qak61x.jpeg|https://litter.catbox.moe/uh5sbt.jpeg|https://litter.catbox.moe/7yskiw.jpeg,Mercedes OEM part. Part #: A 203-820-07-21. Free shipping.
Add,eBayMotors,33561,MB-A 203-885-18-81,Mercedes W203 Fuel Line,1000,65.00,1,https://litter.catbox.moe/djrjwv.jpeg|https://litter.catbox.moe/14y02b.jpeg|https://litter.catbox.moe/pf21l5.jpeg,Mercedes OEM part. Part #: A 203-885-18-81. Free shipping.
Add,eBayMotors,33561,MB-A 204-820-10-56,Mercedes W204 Interior Part,1000,55.00,1,https://litter.catbox.moe/e8oen0.jpeg|https://litter.catbox.moe/939ovs.jpeg,Mercedes OEM part. Part #: A 204-820-10-56. Free shipping.
Add,eBayMotors,33561,MB-A 204-885-17-74,Mercedes W204 Fuel Line,1000,75.00,1,https://litter.catbox.moe/cp8h7q.jpeg|https://litter.catbox.moe/gmtpot.jpeg,Mercedes OEM part. Part #: A 204-885-17-74. Free shipping.
Add,eBayMotors,33561,MB-A 208-760-02-61,Mercedes W208 Interior Part,1000,55.00,1,https://litter.catbox.moe/l2igim.jpeg|https://litter.catbox.moe/0wi1li.jpeg|https://litter.catbox.moe/xqkhfz.jpeg,Mercedes OEM part. Part #: A 208-760-02-61. Free shipping.
Add,eBayMotors,33561,MB-A 208-820-70-01 -7D43,Mercedes W208 Door Part,1000,65.00,1,https://i.imgur.com/ODA0CNp.jpeg|https://i.imgur.com/Ml9lnXC.jpeg|https://i.imgur.com/yOKLpnV.jpeg,Mercedes OEM part. Part #: A 208-820-70-01 -7D43. Free shipping.
Add,eBayMotors,33561,MB-A 210 820-01-56,Mercedes W210 Interior Part,1000,55.00,1,https://litter.catbox.moe/02sy98.jpeg|https://litter.catbox.moe/hgif2t.jpeg,Mercedes OEM part. Part #: A 210 820-01-56. Free shipping.
Add,eBayMotors,33561,MB-A 210-810-08-16,Mercedes W210 Interior Part,1000,55.00,1,https://litter.catbox.moe/qhhscx.jpeg|https://litter.catbox.moe/6rz8jl.jpeg|https://litter.catbox.moe/2uw7c1.jpeg,Mercedes OEM part. Part #: A 210-810-08-16. Free shipping.
Add,eBayMotors,33561,MB-A 210-810-19-17-7D43,Mercedes W210 Sunvisor,1000,65.00,1,https://litter.catbox.moe/94zjn0.jpeg|https://litter.catbox.moe/ydz3op.jpeg|https://litter.catbox.moe/li4mqy.jpeg,Mercedes OEM part. Part #: A 210-810-19-17-7D43. Free shipping.
Add,eBayMotors,33561,MB-A 210-811-01-60-7721,Mercedes W210 Mirror,1000,75.00,1,https://litter.catbox.moe/qypogj.jpeg|https://litter.catbox.moe/x8wf4t.jpeg|https://litter.catbox.moe/pf05ai.jpeg,Mercedes OEM part. Part #: A 210-811-01-60-7721. Free shipping.
Add,eBayMotors,33561,MB-A 210-820-20-75,Mercedes W210 Interior Part,1000,55.00,1,https://litter.catbox.moe/lth11h.jpeg|https://litter.catbox.moe/4fi9y3.jpeg,Mercedes OEM part. Part #: A 210-820-20-75. Free shipping.
Add,eBayMotors,33561,MB-A 210-820-55-02,Mercedes W210 Interior Part,1000,55.00,1,https://litter.catbox.moe/9iqr3l.jpeg,Mercedes OEM part. Part #: A 210-820-55-02. Free shipping.
Add,eBayMotors,33561,MB-A 210-821-42-51,Mercedes W210 Interior Part,1000,55.00,1,https://litter.catbox.moe/k5v7rt.jpeg|https://litter.catbox.moe/c9apca.jpeg,Mercedes OEM part. Part #: A 210-821-42-51. Free shipping.
Add,eBayMotors,33561,MB-A 210-832-00-15,Mercedes W210 Glove Box,1000,65.00,1,https://litter.catbox.moe/c37to6.jpeg|https://litter.catbox.moe/8vne80.jpeg,Mercedes OEM part. Part #: A 210-832-00-15. Free shipping.
Add,eBayMotors,33561,MB-A 210-860-03–08,Mercedes W210 Part,1000,55.00,1,https://litter.catbox.moe/7gr2ys.jpeg|https://litter.catbox.moe/l08325.jpeg,Mercedes OEM part. Part #: A 210-860-03–08. Free shipping.
Add,eBayMotors,33561,MB-A 210–811–01– 60–9040,Mercedes W210 Part,1000,55.00,1,https://litter.catbox.moe/audlo2.jpeg|https://litter.catbox.moe/xgs64p.jpeg,Mercedes OEM part. Part #: A 210–811–01– 60–9040. Free shipping.
Add,eBayMotors,33561,MB-A 211-826-02-90-64,Mercedes W211 Interior Part,1000,65.00,1,https://i.imgur.com/mhjBCch.jpeg,Mercedes OEM part. Part #: A 211-826-02-90-64. Free shipping.
Add,eBayMotors,33561,MB-A 212-885-05-74,Mercedes W212 Fuel Line,1000,85.00,1,https://i.imgur.com/pRPPBzM.jpeg|https://i.imgur.com/6FpB9dc.jpeg,Mercedes OEM part. Part #: A 212-885-05-74. Free shipping.
Add,eBayMotors,33561,MB-A 219–820-02-64,Mercedes W219 Interior Part,1000,75.00,1,https://litter.catbox.moe/z6egk6.jpeg|https://litter.catbox.moe/e3atcf.jpeg|https://litter.catbox.moe/2ryfmu.jpeg,Mercedes OEM part. Part #: A 219–820-02-64. Free shipping.
Add,eBayMotors,33561,MB-A 220-270-06-12,Mercedes W220 Engine Sensor,1000,65.00,1,https://litter.catbox.moe/5qr4xq.jpeg,Mercedes OEM part. Part #: A 220-270-06-12. Free shipping.
Add,eBayMotors,33561,MB-A 220-271-00-68,Mercedes W220 Engine Sensor,1000,65.00,1,https://litter.catbox.moe/p9qpr1.jpeg|https://litter.catbox.moe/u9yb3r.jpeg,Mercedes OEM part. Part #: A 220-271-00-68. Free shipping.
Add,eBayMotors,33561,MB-A 220-810-10-64-9197,Mercedes W220 Sunvisor,1000,75.00,1,https://i.imgur.com/Z4QhdrP.jpeg|https://i.imgur.com/L0flDin.jpeg,Mercedes OEM part. Part #: A 220-810-10-64-9197. Free shipping.
Add,eBayMotors,33561,MB-A 220-810-10-64-9999,Mercedes W220 Sunvisor,1000,75.00,1,https://litter.catbox.moe/55d2a7.jpeg|https://litter.catbox.moe/cbeqou.jpeg|https://litter.catbox.moe/u0r5pk.jpeg,Mercedes OEM part. Part #: A 220-810-10-64-9999. Free shipping.
Add,eBayMotors,33561,MB-A 220-820-05-21,Mercedes W220 Interior Part,1000,65.00,1,https://litter.catbox.moe/3vjuzu.jpeg|https://litter.catbox.moe/tvauvj.jpeg,Mercedes OEM part. Part #: A 220-820-05-21. Free shipping.
Add,eBayMotors,33561,MB-A 220-820-12-66,Mercedes W220 Interior Part,1000,65.00,1,https://litter.catbox.moe/dqrsby.jpeg|https://litter.catbox.moe/mdlqcp.jpeg|https://litter.catbox.moe/qucrhh.jpeg,Mercedes OEM part. Part #: A 220-820-12-66. Free shipping.
Add,eBayMotors,33561,MB-A 220-980-1 0-64-05,Mercedes W220 Trunk Part,1000,85.00,1,https://litter.catbox.moe/vs0r9b.jpeg|https://litter.catbox.moe/rgvplp.jpeg,Mercedes OEM part. Part #: A 220-980-1 0-64-05. Free shipping.
Add,eBayMotors,33561,MB-A 221-270-12-12,Mercedes W221 Engine Sensor,1000,75.00,1,https://litter.catbox.moe/u0h7tx.jpeg|https://litter.catbox.moe/qnhj0v.jpeg,Mercedes OEM part. Part #: A 221-270-12-12. Free shipping.
Add,eBayMotors,33561,MB-A 230-810-05-10,Mercedes R230 SL Interior Part,1000,75.00,1,https://litter.catbox.moe/reohzl.jpeg|https://litter.catbox.moe/2f1qhd.jpeg|https://litter.catbox.moe/ed0ern.jpeg,Mercedes OEM part. Part #: A 230-810-05-10. Free shipping.
Add,eBayMotors,33561,MB-A 230-810-06-10,Mercedes R230 SL Interior Part,1000,75.00,1,https://litter.catbox.moe/kmjkkd.jpeg,Mercedes OEM part. Part #: A 230-810-06-10. Free shipping.
Add,eBayMotors,33561,MB-A 270-096-00-80,Mercedes Fuel Pump Module,1000,145.00,1,https://litter.catbox.moe/nks7m5.jpeg|https://litter.catbox.moe/levdoa.jpeg,Mercedes OEM part. Part #: A 270-096-00-80. Free shipping.
Add,eBayMotors,33561,MB-A 276-018-00-80,Mercedes M276 Valve Cover,1000,185.00,1,https://i.imgur.com/rFXjDMM.jpeg,Mercedes OEM part. Part #: A 276-018-00-80. Free shipping.
Add,eBayMotors,33561,MB-A 463-810-02-86,Mercedes G-Class Interior Part,1000,85.00,1,https://i.imgur.com/DDD3SBE.jpeg,Mercedes OEM part. Part #: A 463-810-02-86. Free shipping.
Add,eBayMotors,33561,MB-A 463-810-51-16-9744,Mercedes G-Class Sunvisor,1000,95.00,1,https://litter.catbox.moe/wnam8h.jpeg|https://litter.catbox.moe/jjg1ww.jpeg,Mercedes OEM part. Part #: A 463-810-51-16-9744. Free shipping.
Add,eBayMotors,33561,MB-A 463-810-70-16-9744,Mercedes G-Class Door Mirror,1000,145.00,1,https://litter.catbox.moe/vrn20d.jpeg|https://litter.catbox.moe/xx64jn.jpeg|https://litter.catbox.moe/7twm0b.jpeg|https://litter.catbox.moe/22gbpz.jpeg|https://litter.catbox.moe/k5dv48.jpeg,Mercedes OEM part. Part #: A 463-810-70-16-9744. Free shipping.
Add,eBayMotors,33561,MB-BQ 6-54-0017,Mercedes Brake Proportioning Valve,1000,75.00,1,https://litter.catbox.moe/suikfv.jpeg|https://litter.catbox.moe/m7cezt.jpeg,Mercedes OEM part. Part #: BQ 6-54-0017. Free shipping.
Add,eBayMotors,33561,MB-N 000000-003661,Mercedes Transmission Shift Cable,1000,85.00,1,https://litter.catbox.moe/8774x6.jpeg|https://litter.catbox.moe/pb0o8q.jpeg|https://litter.catbox.moe/wa824c.jpeg,Mercedes OEM part. Part #: N 000000-003661. Free shipping.
Add,eBayMotors,33561,MB-Q 6-82-0729,Mercedes Q-Category Part,1000,65.00,1,https://litter.catbox.moe/yihpzb.jpeg|https://litter.catbox.moe/y8evxa.jpeg|https://litter.catbox.moe/62xcxc.jpeg,Mercedes OEM part. Part #: Q 6-82-0729. Free shipping.
